rosbagTimestamp,header,seq,stamp,secs,nsecs,frame_id,values
1551189616396935382,,0,,1551189616,396792617,"""cf1/base_link""","[0.0, 0.0, 0.0, 0.0, 0.0, 49.0]"
1551189616408023969,,1,,1551189616,407869348,"""cf1/base_link""","[0.0, 0.0, 0.0, 0.0, 0.0, 51.0]"
1551189616428420319,,2,,1551189616,428256985,"""cf1/base_link""","[0.0, 0.0, 0.0, 0.0, 0.0, 51.0]"
1551189616447713239,,3,,1551189616,447598506,"""cf1/base_link""","[0.0, 0.0, 0.0, 0.0, 0.0, 46.0]"
1551189616468108208,,4,,1551189616,468024066,"""cf1/base_link""","[0.0, 0.0, 0.0, 0.0, 0.0, 46.0]"
1551189616488699264,,5,,1551189616,488566449,"""cf1/base_link""","[0.0, 0.0, 0.0, 0.0, 0.0, 47.0]"
1551189616507136574,,6,,1551189616,507010637,"""cf1/base_link""","[0.0, 0.0, 0.0, 0.0, 0.0, 47.0]"
1551189616533583001,,7,,1551189616,533337149,"""cf1/base_link""","[0.0, 0.0, 0.0, 0.0, 0.0, 47.0]"
1551189616550521588,,8,,1551189616,550347600,"""cf1/base_link""","[0.0, 0.0, 0.0, 0.0, 0.0, 47.0]"
1551189616568064059,,9,,1551189616,567852208,"""cf1/base_link""","[0.0, 0.0, 0.0, 0.0, 0.0, 47.0]"
1551189616589720434,,10,,1551189616,589354258,"""cf1/base_link""","[0.0, 0.0, 0.0, 0.0, 0.0, 46.0]"
1551189616609820730,,11,,1551189616,609479303,"""cf1/base_link""","[0.0, 0.0, 0.0, 0.0, 0.0, 45.0]"
1551189616629113248,,12,,1551189616,628830517,"""cf1/base_link""","[0.0, 0.0, 0.0, 0.0, 0.0, 45.0]"
1551189616656348349,,13,,1551189616,656079375,"""cf1/base_link""","[0.0, 0.0, 0.0, 0.0, 0.0, 42.0]"
1551189616669902810,,14,,1551189616,669640583,"""cf1/base_link""","[0.0, 0.0, 0.0, 0.0, 0.0, 46.0]"
1551189616689045638,,15,,1551189616,688755717,"""cf1/base_link""","[0.0, 0.0, 0.0, 0.0, 0.0, 46.0]"
1551189616709155562,,16,,1551189616,708884105,"""cf1/base_link""","[0.0, 0.0, 0.0, 0.0, 0.0, 46.0]"
1551189616728739696,,17,,1551189616,728347466,"""cf1/base_link""","[0.0, 0.0, 0.0, 0.0, 0.0, 46.0]"
1551189616749832267,,18,,1551189616,749555488,"""cf1/base_link""","[0.0, 0.0, 0.0, 0.0, 0.0, 46.0]"
1551189616768478730,,19,,1551189616,768118197,"""cf1/base_link""","[0.0, 0.0, 0.0, 0.0, 0.0, 48.0]"
1551189616795227714,,20,,1551189616,794876476,"""cf1/base_link""","[0.0, 0.0, 0.0, 0.0, 0.0, 48.0]"
1551189616810587773,,21,,1551189616,810233635,"""cf1/base_link""","[0.0, 0.0, 0.0, 0.0, 0.0, 48.0]"
1551189616828637599,,22,,1551189616,828239414,"""cf1/base_link""","[0.0, 0.0, 0.0, 0.0, 0.0, 48.0]"
1551189616849210908,,23,,1551189616,848900066,"""cf1/base_link""","[0.0, 0.0, 0.0, 0.0, 0.0, 46.0]"
1551189616867620530,,24,,1551189616,867292286,"""cf1/base_link""","[0.0, 0.0, 0.0, 0.0, 0.0, 47.0]"
1551189616888013782,,25,,1551189616,887643666,"""cf1/base_link""","[0.0, 0.0, 0.0, 0.0, 0.0, 47.0]"
1551189616917298526,,26,,1551189616,916934012,"""cf1/base_link""","[0.0, 0.0, 0.0, 0.0, 0.0, 44.0]"
1551189616931841177,,27,,1551189616,931440088,"""cf1/base_link""","[0.0, 0.0, 0.0, 0.0, 0.0, 44.0]"
1551189616948082446,,28,,1551189616,947713023,"""cf1/base_link""","[0.0, 0.0, 0.0, 0.0, 0.0, 46.0]"
1551189616968026687,,29,,1551189616,967612188,"""cf1/base_link""","[0.0, 0.0, 0.0, 0.0, 0.0, 47.0]"
1551189616988104258,,30,,1551189616,987841128,"""cf1/base_link""","[0.0, 0.0, 0.0, 0.0, 0.0, 47.0]"
1551189617008335716,,31,,1551189617,7978312,"""cf1/base_link""","[0.0, 0.0, 0.0, 0.0, 0.0, 48.0]"
1551189617028282066,,32,,1551189617,27942527,"""cf1/base_link""","[0.0, 0.0, 0.0, 0.0, 0.0, 48.0]"
1551189617053209220,,33,,1551189617,52867365,"""cf1/base_link""","[0.0, 0.0, 0.0, 0.0, 0.0, 43.0]"
1551189617067383642,,34,,1551189617,67115666,"""cf1/base_link""","[0.0, 0.0, 0.0, 0.0, 0.0, 47.0]"
1551189617087408784,,35,,1551189617,87061946,"""cf1/base_link""","[0.0, 0.0, 0.0, 0.0, 0.0, 47.0]"
1551189617107616075,,36,,1551189617,107268246,"""cf1/base_link""","[0.0, 0.0, 0.0, 0.0, 0.0, 51.0]"
1551189617129765800,,37,,1551189617,129463602,"""cf1/base_link""","[0.0, 0.0, 0.0, 0.0, 0.0, 51.0]"
1551189617148057275,,38,,1551189617,147677622,"""cf1/base_link""","[0.0, 0.0, 0.0, 0.0, 0.0, 49.0]"
1551189617178669588,,39,,1551189617,178345472,"""cf1/base_link""","[0.0, 0.0, 0.0, 0.0, 0.0, 48.0]"
1551189617193056182,,40,,1551189617,192756253,"""cf1/base_link""","[0.0, 0.0, 0.0, 0.0, 0.0, 48.0]"
1551189617207306921,,41,,1551189617,207031289,"""cf1/base_link""","[0.0, 0.0, 0.0, 0.0, 0.0, 45.0]"
1551189617227451134,,42,,1551189617,227132028,"""cf1/base_link""","[0.0, 0.0, 0.0, 0.0, 0.0, 45.0]"
1551189617247694449,,43,,1551189617,247379014,"""cf1/base_link""","[0.0, 0.0, 0.0, 0.0, 0.0, 47.0]"
1551189617266026032,,44,,1551189617,265629075,"""cf1/base_link""","[0.0, 0.0, 0.0, 0.0, 0.0, 47.0]"
1551189617286364162,,45,,1551189617,285970054,"""cf1/base_link""","[0.0, 0.0, 0.0, 0.0, 0.0, 47.0]"
1551189617315186038,,46,,1551189617,314833951,"""cf1/base_link""","[0.0, 0.0, 0.0, 0.0, 0.0, 50.0]"
1551189617329571000,,47,,1551189617,329188826,"""cf1/base_link""","[0.0, 0.0, 0.0, 0.0, 0.0, 51.0]"
1551189617345591932,,48,,1551189617,345297287,"""cf1/base_link""","[0.0, 0.0, 0.0, 0.0, 0.0, 51.0]"
1551189617365876475,,49,,1551189617,365519044,"""cf1/base_link""","[0.0, 0.0, 0.0, 0.0, 0.0, 46.0]"
1551189617386136426,,50,,1551189617,385778571,"""cf1/base_link""","[0.0, 0.0, 0.0, 0.0, 0.0, 46.0]"
1551189617406267817,,51,,1551189617,406008392,"""cf1/base_link""","[0.0, 0.0, 0.0, 0.0, 0.0, 49.0]"
1551189617434964460,,52,,1551189617,434622536,"""cf1/base_link""","[0.0, 0.0, 0.0, 0.0, 0.0, 44.0]"
1551189617449112726,,53,,1551189617,448768033,"""cf1/base_link""","[0.0, 0.0, 0.0, 0.0, 0.0, 44.0]"
1551189617467369938,,54,,1551189617,466970725,"""cf1/base_link""","[0.0, 0.0, 0.0, 0.0, 0.0, 47.0]"
1551189617485628621,,55,,1551189617,485251467,"""cf1/base_link""","[0.0, 0.0, 0.0, 0.0, 0.0, 47.0]"
1551189617507598364,,56,,1551189617,507239785,"""cf1/base_link""","[0.0, 0.0, 0.0, 0.0, 0.0, 48.0]"
1551189617525572914,,57,,1551189617,525170061,"""cf1/base_link""","[0.0, 0.0, 0.0, 0.0, 0.0, 50.0]"
1551189617545740327,,58,,1551189617,545379768,"""cf1/base_link""","[0.0, 0.0, 0.0, 0.0, 0.0, 50.0]"
1551189617570437109,,59,,1551189617,570080345,"""cf1/base_link""","[0.0, 0.0, 0.0, 0.0, 0.0, 46.0]"
1551189617586871019,,60,,1551189617,586484276,"""cf1/base_link""","[0.0, 0.0, 0.0, 0.0, 0.0, 46.0]"
1551189617606877949,,61,,1551189617,606527526,"""cf1/base_link""","[0.0, 0.0, 0.0, 0.0, 0.0, 47.0]"
1551189617624927090,,62,,1551189617,624556098,"""cf1/base_link""","[0.0, 0.0, 0.0, 0.0, 0.0, 46.0]"
1551189617645432590,,63,,1551189617,645108216,"""cf1/base_link""","[0.0, 0.0, 0.0, 0.0, 0.0, 46.0]"
1551189617665725215,,64,,1551189617,665403060,"""cf1/base_link""","[0.0, 0.0, 0.0, 0.0, 0.0, 47.0]"
1551189617694372440,,65,,1551189617,694018192,"""cf1/base_link""","[0.0, 0.0, 0.0, 0.0, 0.0, 47.0]"
1551189617708871352,,66,,1551189617,708512403,"""cf1/base_link""","[0.0, 0.0, 0.0, 0.0, 0.0, 47.0]"
1551189617725165432,,67,,1551189617,724768056,"""cf1/base_link""","[0.0, 0.0, 0.0, 0.0, 0.0, 47.0]"
1551189617745382166,,68,,1551189617,744972729,"""cf1/base_link""","[0.0, 0.0, 0.0, 0.0, 0.0, 47.0]"
1551189617765450479,,69,,1551189617,765071599,"""cf1/base_link""","[0.0, 0.0, 0.0, 0.0, 0.0, 46.0]"
1551189617785427024,,70,,1551189617,785055707,"""cf1/base_link""","[0.0, 0.0, 0.0, 0.0, 0.0, 46.0]"
1551189617805424744,,71,,1551189617,805086027,"""cf1/base_link""","[0.0, 0.0, 0.0, 0.0, 0.0, 44.0]"
1551189617830934594,,72,,1551189617,830576529,"""cf1/base_link""","[0.0, 0.0, 0.0, 0.0, 0.0, 47.0]"
1551189617847442938,,73,,1551189617,847040503,"""cf1/base_link""","[0.0, 0.0, 0.0, 0.0, 0.0, 47.0]"
1551189617864130906,,74,,1551189617,863857334,"""cf1/base_link""","[0.0, 0.0, 0.0, 0.0, 0.0, 44.0]"
1551189617889325246,,75,,1551189617,888934617,"""cf1/base_link""","[0.0, 0.0, 0.0, 0.0, 0.0, 44.0]"
1551189617915304215,,76,,1551189617,914987114,"""cf1/base_link""","[0.0, 0.0, 0.0, 0.0, 0.0, 45.0]"
1551189617932849695,,77,,1551189617,932492974,"""cf1/base_link""","[0.0, 0.0, 0.0, 0.0, 0.0, 46.0]"
1551189617956862405,,78,,1551189617,956514001,"""cf1/base_link""","[0.0, 0.0, 0.0, 0.0, 0.0, 46.0]"
1551189617971153089,,79,,1551189617,970820838,"""cf1/base_link""","[0.0, 0.0, 0.0, 0.0, 0.0, 46.0]"
1551189617985373628,,80,,1551189617,985018421,"""cf1/base_link""","[0.0, 0.0, 0.0, 0.0, 0.0, 49.0]"
1551189618005415554,,81,,1551189618,5025202,"""cf1/base_link""","[0.0, 0.0, 0.0, 0.0, 0.0, 49.0]"
1551189618025455803,,82,,1551189618,25072086,"""cf1/base_link""","[0.0, 0.0, 0.0, 0.0, 0.0, 47.0]"
1551189618043485868,,83,,1551189618,43110734,"""cf1/base_link""","[0.0, 0.0, 0.0, 0.0, 0.0, 47.0]"
1551189618073898974,,84,,1551189618,73537211,"""cf1/base_link""","[0.0, 0.0, 0.0, 0.0, 0.0, 46.0]"
1551189618088238450,,85,,1551189618,87846520,"""cf1/base_link""","[0.0, 0.0, 0.0, 0.0, 0.0, 48.0]"
1551189618104624500,,86,,1551189618,104241270,"""cf1/base_link""","[0.0, 0.0, 0.0, 0.0, 0.0, 48.0]"
1551189618124781702,,87,,1551189618,124370000,"""cf1/base_link""","[0.0, 0.0, 0.0, 0.0, 0.0, 49.0]"
1551189618146621798,,88,,1551189618,146334645,"""cf1/base_link""","[0.0, 0.0, 0.0, 0.0, 0.0, 49.0]"
1551189618164662393,,89,,1551189618,164275096,"""cf1/base_link""","[0.0, 0.0, 0.0, 0.0, 0.0, 45.0]"
1551189618184576758,,90,,1551189618,184285832,"""cf1/base_link""","[0.0, 0.0, 0.0, 0.0, 0.0, 49.0]"
1551189618207241272,,91,,1551189618,206842736,"""cf1/base_link""","[0.0, 0.0, 0.0, 0.0, 0.0, 49.0]"
1551189618223239321,,92,,1551189618,222984653,"""cf1/base_link""","[0.0, 0.0, 0.0, 0.0, 0.0, 46.0]"
1551189618243380928,,93,,1551189618,243062182,"""cf1/base_link""","[0.0, 0.0, 0.0, 0.0, 0.0, 46.0]"
1551189618263556145,,94,,1551189618,263145893,"""cf1/base_link""","[0.0, 0.0, 0.0, 0.0, 0.0, 47.0]"
1551189618283586599,,95,,1551189618,283193769,"""cf1/base_link""","[0.0, 0.0, 0.0, 0.0, 0.0, 45.0]"
1551189618303634097,,96,,1551189618,303177345,"""cf1/base_link""","[0.0, 0.0, 0.0, 0.0, 0.0, 45.0]"
1551189618332192087,,97,,1551189618,331843705,"""cf1/base_link""","[0.0, 0.0, 0.0, 0.0, 0.0, 48.0]"
1551189618346578662,,98,,1551189618,346216430,"""cf1/base_link""","[0.0, 0.0, 0.0, 0.0, 0.0, 48.0]"
1551189618362865359,,99,,1551189618,362529712,"""cf1/base_link""","[0.0, 0.0, 0.0, 0.0, 0.0, 44.0]"
1551189618382634789,,100,,1551189618,382349481,"""cf1/base_link""","[0.0, 0.0, 0.0, 0.0, 0.0, 45.0]"
1551189618402892164,,101,,1551189618,402538130,"""cf1/base_link""","[0.0, 0.0, 0.0, 0.0, 0.0, 45.0]"
1551189618422994727,,102,,1551189618,422589514,"""cf1/base_link""","[0.0, 0.0, 0.0, 0.0, 0.0, 42.0]"
1551189618442999777,,103,,1551189618,442653623,"""cf1/base_link""","[0.0, 0.0, 0.0, 0.0, 0.0, 42.0]"
1551189618467646493,,104,,1551189618,467250898,"""cf1/base_link""","[0.0, 0.0, 0.0, 0.0, 0.0, 47.0]"
1551189618483765884,,105,,1551189618,483414918,"""cf1/base_link""","[0.0, 0.0, 0.0, 0.0, 0.0, 45.0]"
1551189618501893303,,106,,1551189618,501539247,"""cf1/base_link""","[0.0, 0.0, 0.0, 0.0, 0.0, 45.0]"
1551189618522012230,,107,,1551189618,521626786,"""cf1/base_link""","[0.0, 0.0, 0.0, 0.0, 0.0, 49.0]"
1551189618541967854,,108,,1551189618,541596776,"""cf1/base_link""","[0.0, 0.0, 0.0, 0.0, 0.0, 49.0]"
1551189618562166408,,109,,1551189618,561817024,"""cf1/base_link""","[0.0, 0.0, 0.0, 0.0, 0.0, 47.0]"
1551189618590560772,,110,,1551189618,590146968,"""cf1/base_link""","[0.0, 0.0, 0.0, 0.0, 0.0, 47.0]"
1551189618604687774,,111,,1551189618,604298921,"""cf1/base_link""","[0.0, 0.0, 0.0, 0.0, 0.0, 47.0]"
1551189618626930570,,112,,1551189618,626543438,"""cf1/base_link""","[0.0, 0.0, 0.0, 0.0, 0.0, 47.0]"
1551189618645195311,,113,,1551189618,644843568,"""cf1/base_link""","[0.0, 0.0, 0.0, 0.0, 0.0, 47.0]"
1551189618663273482,,114,,1551189618,662879775,"""cf1/base_link""","[0.0, 0.0, 0.0, 0.0, 0.0, 47.0]"
1551189618681346089,,115,,1551189618,680962404,"""cf1/base_link""","[0.0, 0.0, 0.0, 0.0, 0.0, 44.0]"
1551189618701507064,,116,,1551189618,701128074,"""cf1/base_link""","[0.0, 0.0, 0.0, 0.0, 0.0, 44.0]"
1551189618726141166,,117,,1551189618,725757707,"""cf1/base_link""","[0.0, 0.0, 0.0, 0.0, 0.0, 52.0]"
1551189618744694192,,118,,1551189618,744310222,"""cf1/base_link""","[0.0, 0.0, 0.0, 0.0, 0.0, 66.0]"
1551189618762792083,,119,,1551189618,762423209,"""cf1/base_link""","[0.0, 0.0, 0.0, 0.0, 0.0, 66.0]"
1551189618782590593,,120,,1551189618,782213585,"""cf1/base_link""","[0.0, 0.0, 0.0, 0.0, 0.0, 81.0]"
1551189618804435242,,121,,1551189618,804053624,"""cf1/base_link""","[0.0, 0.0, 0.0, 0.0, 0.0, 81.0]"
1551189618822506591,,122,,1551189618,822096860,"""cf1/base_link""","[0.0, 0.0, 0.0, 0.0, 0.0, 94.0]"
1551189618856798108,,123,,1551189618,856435947,"""cf1/base_link""","[0.0, 0.0, 0.0, 0.0, 0.0, 98.0]"
1551189618873082408,,124,,1551189618,872742855,"""cf1/base_link""","[0.0, 0.0, 0.0, 0.0, 0.0, 98.0]"
1551189618889540891,,125,,1551189618,889136211,"""cf1/base_link""","[0.0, 0.0, 0.0, 0.0, 0.0, 115.0]"
1551189618903915319,,126,,1551189618,903541622,"""cf1/base_link""","[0.0, 0.0, 0.0, 0.0, 0.0, 115.0]"
1551189618920457781,,127,,1551189618,920060840,"""cf1/base_link""","[0.0, 0.0, 0.0, 0.0, 0.0, 128.0]"
1551189618940530440,,128,,1551189618,940151632,"""cf1/base_link""","[0.0, 0.0, 0.0, 0.0, 0.0, 143.0]"
1551189618960984464,,129,,1551189618,960608854,"""cf1/base_link""","[0.0, 0.0, 0.0, 0.0, 0.0, 143.0]"
1551189618983491298,,130,,1551189618,983223671,"""cf1/base_link""","[0.0, 0.0, 0.0, 0.0, 0.0, 134.0]"
1551189619001720664,,131,,1551189619,1339166,"""cf1/base_link""","[0.0, 0.0, 0.0, 0.0, 0.0, 134.0]"
1551189619020092384,,132,,1551189619,19733303,"""cf1/base_link""","[0.0, 0.0, 0.0, 0.0, 0.0, 128.0]"
1551189619040548974,,133,,1551189619,40142367,"""cf1/base_link""","[0.0, 0.0, 0.0, 0.0, 0.0, 151.0]"
1551189619062733804,,134,,1551189619,62354330,"""cf1/base_link""","[0.0, 0.0, 0.0, 0.0, 0.0, 151.0]"
1551189619080719810,,135,,1551189619,80323791,"""cf1/base_link""","[0.0, 0.0, 0.0, 0.0, 0.0, 180.0]"
1551189619109282640,,136,,1551189619,108901022,"""cf1/base_link""","[0.0, 0.0, 0.0, 0.0, 0.0, 180.0]"
1551189619123579481,,137,,1551189619,123182599,"""cf1/base_link""","[0.0, 0.0, 0.0, 0.0, 0.0, 209.0]"
1551189619141875411,,138,,1551189619,141527398,"""cf1/base_link""","[0.0, 0.0, 0.0, 0.0, 0.0, 234.0]"
1551189619160089760,,139,,1551189619,159672499,"""cf1/base_link""","[0.0, 0.0, 0.0, 0.0, 0.0, 234.0]"
1551189619186934239,,140,,1551189619,186548062,"""cf1/base_link""","[0.0, 0.0, 0.0, 0.0, 0.0, 264.0]"
1551189619201222530,,141,,1551189619,200867729,"""cf1/base_link""","[0.0, 0.0, 0.0, 0.0, 0.0, 264.0]"
1551189619221337195,,142,,1551189619,220967599,"""cf1/base_link""","[0.0, 0.0, 0.0, 0.0, 0.0, 295.0]"
1551189619248279777,,143,,1551189619,247897942,"""cf1/base_link""","[0.0, 0.0, 0.0, 0.0, 0.0, 325.0]"
1551189619262557583,,144,,1551189619,262200091,"""cf1/base_link""","[0.0, 0.0, 0.0, 0.0, 0.0, 325.0]"
1551189619280713077,,145,,1551189619,280324165,"""cf1/base_link""","[0.0, 0.0, 0.0, 0.0, 0.0, 358.0]"
1551189619300632736,,146,,1551189619,300302211,"""cf1/base_link""","[0.0, 0.0, 0.0, 0.0, 0.0, 385.0]"
1551189619321067541,,147,,1551189619,320703426,"""cf1/base_link""","[0.0, 0.0, 0.0, 0.0, 0.0, 385.0]"
1551189619339120356,,148,,1551189619,338797414,"""cf1/base_link""","[0.0, 0.0, 0.0, 0.0, 0.0, 401.0]"
1551189619367837797,,149,,1551189619,367506517,"""cf1/base_link""","[0.0, 0.0, 0.0, 0.0, 0.0, 401.0]"
1551189619382177164,,150,,1551189619,381823437,"""cf1/base_link""","[0.0, 0.0, 0.0, 0.0, 0.0, 416.0]"
1551189619402263034,,151,,1551189619,401911241,"""cf1/base_link""","[0.0, 0.0, 0.0, 0.0, 0.0, 427.0]"
1551189619420393338,,152,,1551189619,420011116,"""cf1/base_link""","[0.0, 0.0, 0.0, 0.0, 0.0, 427.0]"
1551189619438789566,,153,,1551189619,438456753,"""cf1/base_link""","[0.0, 0.0, 0.0, 0.0, 0.0, 423.0]"
1551189619459282417,,154,,1551189619,458906727,"""cf1/base_link""","[0.0, 0.0, 0.0, 0.0, 0.0, 423.0]"
1551189619487629890,,155,,1551189619,487334069,"""cf1/base_link""","[0.0, 0.0, 0.0, 0.0, 0.0, 417.0]"
1551189619501948786,,156,,1551189619,501597352,"""cf1/base_link""","[0.0, 0.0, 0.0, 0.0, 0.0, 416.0]"
1551189619518342560,,157,,1551189619,517952967,"""cf1/base_link""","[0.0, 0.0, 0.0, 0.0, 0.0, 416.0]"
1551189619538383117,,158,,1551189619,538031161,"""cf1/base_link""","[0.0, 0.0, 0.0, 0.0, 0.0, 409.0]"
1551189619558436124,,159,,1551189619,558132181,"""cf1/base_link""","[0.0, 0.0, 0.0, 0.0, 0.0, 409.0]"
1551189619578928041,,160,,1551189619,578545306,"""cf1/base_link""","[0.0, 0.0, 0.0, 0.0, 0.0, 404.0]"
1551189619600329958,,161,,1551189619,600035425,"""cf1/base_link""","[0.0, 0.0, 0.0, 0.0, 0.0, 403.0]"
1551189619622782883,,162,,1551189619,622383098,"""cf1/base_link""","[0.0, 0.0, 0.0, 0.0, 0.0, 403.0]"
1551189619638601836,,163,,1551189619,638229714,"""cf1/base_link""","[0.0, 0.0, 0.0, 0.0, 0.0, 404.0]"
1551189619658677391,,164,,1551189619,658322554,"""cf1/base_link""","[0.0, 0.0, 0.0, 0.0, 0.0, 404.0]"
1551189619679043359,,165,,1551189619,678558096,"""cf1/base_link""","[0.0, 0.0, 0.0, 0.0, 0.0, 408.0]"
1551189619699041563,,166,,1551189619,698697401,"""cf1/base_link""","[0.0, 0.0, 0.0, 0.0, 0.0, 418.0]"
1551189619719012625,,167,,1551189619,718650503,"""cf1/base_link""","[0.0, 0.0, 0.0, 0.0, 0.0, 418.0]"
1551189619753921928,,168,,1551189619,753551485,"""cf1/base_link""","[0.0, 0.0, 0.0, 0.0, 0.0, 431.0]"
1551189619774491173,,169,,1551189619,774134190,"""cf1/base_link""","[0.0, 0.0, 0.0, 0.0, 0.0, 431.0]"
1551189619790546634,,170,,1551189619,790181688,"""cf1/base_link""","[0.0, 0.0, 0.0, 0.0, 0.0, 441.0]"
1551189619804760251,,171,,1551189619,804388985,"""cf1/base_link""","[0.0, 0.0, 0.0, 0.0, 0.0, 458.0]"
1551189619820748907,,172,,1551189619,820386775,"""cf1/base_link""","[0.0, 0.0, 0.0, 0.0, 0.0, 458.0]"
1551189619838929084,,173,,1551189619,838577849,"""cf1/base_link""","[0.0, 0.0, 0.0, 0.0, 0.0, 466.0]"
1551189619859059061,,174,,1551189619,858692294,"""cf1/base_link""","[0.0, 0.0, 0.0, 0.0, 0.0, 466.0]"
1551189619890358490,,175,,1551189619,890018555,"""cf1/base_link""","[0.0, 0.0, 0.0, 0.0, 0.0, 482.0]"
1551189619906832432,,176,,1551189619,906455971,"""cf1/base_link""","[0.0, 0.0, 0.0, 0.0, 0.0, 499.0]"
1551189619923364606,,177,,1551189619,923026630,"""cf1/base_link""","[0.0, 0.0, 0.0, 0.0, 0.0, 499.0]"
1551189619939925449,,178,,1551189619,939495875,"""cf1/base_link""","[0.0, 0.0, 0.0, 0.0, 0.0, 512.0]"
1551189619960352386,,179,,1551189619,959970514,"""cf1/base_link""","[0.0, 0.0, 0.0, 0.0, 0.0, 514.0]"
1551189619980553358,,180,,1551189619,980202231,"""cf1/base_link""","[0.0, 0.0, 0.0, 0.0, 0.0, 514.0]"
1551189620000781524,,181,,1551189620,394335,"""cf1/base_link""","[0.0, 0.0, 0.0, 0.0, 0.0, 531.0]"
1551189620025281236,,182,,1551189620,24881457,"""cf1/base_link""","[0.0, 0.0, 0.0, 0.0, 0.0, 531.0]"
1551189620039261643,,183,,1551189620,38989286,"""cf1/base_link""","[0.0, 0.0, 0.0, 0.0, 0.0, 523.0]"
1551189620057438665,,184,,1551189620,57046025,"""cf1/base_link""","[0.0, 0.0, 0.0, 0.0, 0.0, 533.0]"
1551189620077444855,,185,,1551189620,77082289,"""cf1/base_link""","[0.0, 0.0, 0.0, 0.0, 0.0, 533.0]"
1551189620099481198,,186,,1551189620,99137493,"""cf1/base_link""","[0.0, 0.0, 0.0, 0.0, 0.0, 535.0]"
1551189620117699295,,187,,1551189620,117318120,"""cf1/base_link""","[0.0, 0.0, 0.0, 0.0, 0.0, 535.0]"
1551189620137415849,,188,,1551189620,137063125,"""cf1/base_link""","[0.0, 0.0, 0.0, 0.0, 0.0, 517.0]"
1551189620160046145,,189,,1551189620,159640943,"""cf1/base_link""","[0.0, 0.0, 0.0, 0.0, 0.0, 510.0]"
1551189620178510299,,190,,1551189620,178075356,"""cf1/base_link""","[0.0, 0.0, 0.0, 0.0, 0.0, 510.0]"
1551189620198644352,,191,,1551189620,198262618,"""cf1/base_link""","[0.0, 0.0, 0.0, 0.0, 0.0, 523.0]"
1551189620216704614,,192,,1551189620,216314737,"""cf1/base_link""","[0.0, 0.0, 0.0, 0.0, 0.0, 523.0]"
1551189620236664899,,193,,1551189620,236287822,"""cf1/base_link""","[0.0, 0.0, 0.0, 0.0, 0.0, 516.0]"
1551189620261038412,,194,,1551189620,260654505,"""cf1/base_link""","[0.0, 0.0, 0.0, 0.0, 0.0, 498.0]"
1551189620287858021,,195,,1551189620,287468466,"""cf1/base_link""","[0.0, 0.0, 0.0, 0.0, 0.0, 498.0]"
1551189620302092500,,196,,1551189620,301731280,"""cf1/base_link""","[0.0, 0.0, 0.0, 0.0, 0.0, 505.0]"
1551189620316283322,,197,,1551189620,315921904,"""cf1/base_link""","[0.0, 0.0, 0.0, 0.0, 0.0, 505.0]"
1551189620336407600,,198,,1551189620,336024002,"""cf1/base_link""","[0.0, 0.0, 0.0, 0.0, 0.0, 490.0]"
1551189620358868186,,199,,1551189620,358450624,"""cf1/base_link""","[0.0, 0.0, 0.0, 0.0, 0.0, 507.0]"
1551189620376919750,,200,,1551189620,376570058,"""cf1/base_link""","[0.0, 0.0, 0.0, 0.0, 0.0, 507.0]"
1551189620396978806,,201,,1551189620,396594270,"""cf1/base_link""","[0.0, 0.0, 0.0, 0.0, 0.0, 501.0]"
1551189620423951405,,202,,1551189620,423561212,"""cf1/base_link""","[0.0, 0.0, 0.0, 0.0, 0.0, 501.0]"
1551189620438066864,,203,,1551189620,437701729,"""cf1/base_link""","[0.0, 0.0, 0.0, 0.0, 0.0, 501.0]"
1551189620456289207,,204,,1551189620,455916238,"""cf1/base_link""","[0.0, 0.0, 0.0, 0.0, 0.0, 503.0]"
1551189620478472734,,205,,1551189620,478130063,"""cf1/base_link""","[0.0, 0.0, 0.0, 0.0, 0.0, 503.0]"
1551189620496614170,,206,,1551189620,496237884,"""cf1/base_link""","[0.0, 0.0, 0.0, 0.0, 0.0, 490.0]"
1551189620516540325,,207,,1551189620,516151431,"""cf1/base_link""","[0.0, 0.0, 0.0, 0.0, 0.0, 490.0]"
1551189620546971418,,208,,1551189620,546599717,"""cf1/base_link""","[0.0, 0.0, 0.0, 0.0, 0.0, 497.0]"
1551189620561118987,,209,,1551189620,560747969,"""cf1/base_link""","[0.0, 0.0, 0.0, 0.0, 0.0, 501.0]"
1551189620577317355,,210,,1551189620,576932105,"""cf1/base_link""","[0.0, 0.0, 0.0, 0.0, 0.0, 501.0]"
1551189620595324097,,211,,1551189620,594854525,"""cf1/base_link""","[0.0, 0.0, 0.0, 0.0, 0.0, 496.0]"
1551189620614986800,,212,,1551189620,614707859,"""cf1/base_link""","[0.0, 0.0, 0.0, 0.0, 0.0, 503.0]"
1551189620634959056,,213,,1551189620,634576276,"""cf1/base_link""","[0.0, 0.0, 0.0, 0.0, 0.0, 503.0]"
1551189620654887683,,214,,1551189620,654528020,"""cf1/base_link""","[0.0, 0.0, 0.0, 0.0, 0.0, 509.0]"
1551189620681488377,,215,,1551189620,681089242,"""cf1/base_link""","[0.0, 0.0, 0.0, 0.0, 0.0, 509.0]"
1551189620695671819,,216,,1551189620,695359082,"""cf1/base_link""","[0.0, 0.0, 0.0, 0.0, 0.0, 507.0]"
1551189620715652756,,217,,1551189620,715257494,"""cf1/base_link""","[0.0, 0.0, 0.0, 0.0, 0.0, 513.0]"
1551189620735667595,,218,,1551189620,735288764,"""cf1/base_link""","[0.0, 0.0, 0.0, 0.0, 0.0, 513.0]"
1551189620758257095,,219,,1551189620,757889482,"""cf1/base_link""","[0.0, 0.0, 0.0, 0.0, 0.0, 500.0]"
1551189620776378109,,220,,1551189620,775975334,"""cf1/base_link""","[0.0, 0.0, 0.0, 0.0, 0.0, 500.0]"
1551189620794527715,,221,,1551189620,794140883,"""cf1/base_link""","[0.0, 0.0, 0.0, 0.0, 0.0, 500.0]"
1551189620817003633,,222,,1551189620,816628391,"""cf1/base_link""","[0.0, 0.0, 0.0, 0.0, 0.0, 498.0]"
1551189620835175159,,223,,1551189620,834775440,"""cf1/base_link""","[0.0, 0.0, 0.0, 0.0, 0.0, 498.0]"
1551189620855005719,,224,,1551189620,854653766,"""cf1/base_link""","[0.0, 0.0, 0.0, 0.0, 0.0, 505.0]"
1551189620874902809,,225,,1551189620,874524964,"""cf1/base_link""","[0.0, 0.0, 0.0, 0.0, 0.0, 505.0]"
1551189620894725991,,226,,1551189620,894333184,"""cf1/base_link""","[0.0, 0.0, 0.0, 0.0, 0.0, 499.0]"
1551189620914764310,,227,,1551189620,914420034,"""cf1/base_link""","[0.0, 0.0, 0.0, 0.0, 0.0, 494.0]"
1551189620943497083,,228,,1551189620,943126898,"""cf1/base_link""","[0.0, 0.0, 0.0, 0.0, 0.0, 494.0]"
1551189620959640510,,229,,1551189620,959251176,"""cf1/base_link""","[0.0, 0.0, 0.0, 0.0, 0.0, 505.0]"
1551189620975616510,,230,,1551189620,975240072,"""cf1/base_link""","[0.0, 0.0, 0.0, 0.0, 0.0, 505.0]"
1551189620993970807,,231,,1551189620,993605614,"""cf1/base_link""","[0.0, 0.0, 0.0, 0.0, 0.0, 505.0]"
1551189621013881825,,232,,1551189621,13544742,"""cf1/base_link""","[0.0, 0.0, 0.0, 0.0, 0.0, 505.0]"
1551189621033952924,,233,,1551189621,33589276,"""cf1/base_link""","[0.0, 0.0, 0.0, 0.0, 0.0, 505.0]"
1551189621064504244,,234,,1551189621,64113572,"""cf1/base_link""","[0.0, 0.0, 0.0, 0.0, 0.0, 501.0]"
1551189621080945922,,235,,1551189621,80598577,"""cf1/base_link""","[0.0, 0.0, 0.0, 0.0, 0.0, 501.0]"
1551189621095195926,,236,,1551189621,94874221,"""cf1/base_link""","[0.0, 0.0, 0.0, 0.0, 0.0, 499.0]"
1551189621113234012,,237,,1551189621,112937687,"""cf1/base_link""","[0.0, 0.0, 0.0, 0.0, 0.0, 515.0]"
1551189621133344873,,238,,1551189621,132979500,"""cf1/base_link""","[0.0, 0.0, 0.0, 0.0, 0.0, 515.0]"
1551189621153527493,,239,,1551189621,153184308,"""cf1/base_link""","[0.0, 0.0, 0.0, 0.0, 0.0, 509.0]"
1551189621173392165,,240,,1551189621,173024270,"""cf1/base_link""","[0.0, 0.0, 0.0, 0.0, 0.0, 509.0]"
1551189621200247297,,241,,1551189621,199968399,"""cf1/base_link""","[0.0, 0.0, 0.0, 0.0, 0.0, 510.0]"
1551189621214417235,,242,,1551189621,214051539,"""cf1/base_link""","[0.0, 0.0, 0.0, 0.0, 0.0, 514.0]"
1551189621234411882,,243,,1551189621,234024131,"""cf1/base_link""","[0.0, 0.0, 0.0, 0.0, 0.0, 514.0]"
1551189621254393421,,244,,1551189621,253995120,"""cf1/base_link""","[0.0, 0.0, 0.0, 0.0, 0.0, 516.0]"
1551189621276597037,,245,,1551189621,276220802,"""cf1/base_link""","[0.0, 0.0, 0.0, 0.0, 0.0, 512.0]"
1551189621292483422,,246,,1551189621,292179255,"""cf1/base_link""","[0.0, 0.0, 0.0, 0.0, 0.0, 512.0]"
1551189621320972552,,247,,1551189621,320602957,"""cf1/base_link""","[0.0, 0.0, 0.0, 0.0, 0.0, 513.0]"
1551189621335285337,,248,,1551189621,334901956,"""cf1/base_link""","[0.0, 0.0, 0.0, 0.0, 0.0, 513.0]"
1551189621353597054,,249,,1551189621,353208330,"""cf1/base_link""","[0.0, 0.0, 0.0, 0.0, 0.0, 510.0]"
1551189621373775300,,250,,1551189621,373423860,"""cf1/base_link""","[0.0, 0.0, 0.0, 0.0, 0.0, 504.0]"
1551189621394199408,,251,,1551189621,393832497,"""cf1/base_link""","[0.0, 0.0, 0.0, 0.0, 0.0, 504.0]"
1551189621412840752,,252,,1551189621,412467338,"""cf1/base_link""","[0.0, 0.0, 0.0, 0.0, 0.0, 520.0]"
1551189621432702878,,253,,1551189621,432308062,"""cf1/base_link""","[0.0, 0.0, 0.0, 0.0, 0.0, 520.0]"
1551189621457564461,,254,,1551189621,457182492,"""cf1/base_link""","[0.0, 0.0, 0.0, 0.0, 0.0, 510.0]"
1551189621473653826,,255,,1551189621,473298182,"""cf1/base_link""","[0.0, 0.0, 0.0, 0.0, 0.0, 513.0]"
1551189621493941518,,256,,1551189621,493558923,"""cf1/base_link""","[0.0, 0.0, 0.0, 0.0, 0.0, 513.0]"
1551189621512065193,,257,,1551189621,511694048,"""cf1/base_link""","[0.0, 0.0, 0.0, 0.0, 0.0, 507.0]"
1551189621532014668,,258,,1551189621,531610887,"""cf1/base_link""","[0.0, 0.0, 0.0, 0.0, 0.0, 507.0]"
1551189621551917877,,259,,1551189621,551514013,"""cf1/base_link""","[0.0, 0.0, 0.0, 0.0, 0.0, 492.0]"
1551189621582026664,,260,,1551189621,581635880,"""cf1/base_link""","[0.0, 0.0, 0.0, 0.0, 0.0, 499.0]"
1551189621596358554,,261,,1551189621,595961192,"""cf1/base_link""","[0.0, 0.0, 0.0, 0.0, 0.0, 499.0]"
1551189621612489247,,262,,1551189621,612077029,"""cf1/base_link""","[0.0, 0.0, 0.0, 0.0, 0.0, 507.0]"
1551189621632270925,,263,,1551189621,631878617,"""cf1/base_link""","[0.0, 0.0, 0.0, 0.0, 0.0, 507.0]"
1551189621652127443,,264,,1551189621,651759305,"""cf1/base_link""","[0.0, 0.0, 0.0, 0.0, 0.0, 514.0]"
1551189621672465652,,265,,1551189621,672112121,"""cf1/base_link""","[0.0, 0.0, 0.0, 0.0, 0.0, 507.0]"
1551189621696609651,,266,,1551189621,696238017,"""cf1/base_link""","[0.0, 0.0, 0.0, 0.0, 0.0, 507.0]"
1551189621721557972,,267,,1551189621,721155662,"""cf1/base_link""","[0.0, 0.0, 0.0, 0.0, 0.0, 507.0]"
1551189621735819059,,268,,1551189621,735440684,"""cf1/base_link""","[0.0, 0.0, 0.0, 0.0, 0.0, 507.0]"
1551189621751856560,,269,,1551189621,751469771,"""cf1/base_link""","[0.0, 0.0, 0.0, 0.0, 0.0, 519.0]"
1551189621771736717,,270,,1551189621,771358362,"""cf1/base_link""","[0.0, 0.0, 0.0, 0.0, 0.0, 519.0]"
1551189621791607989,,271,,1551189621,791224932,"""cf1/base_link""","[0.0, 0.0, 0.0, 0.0, 0.0, 519.0]"
1551189621811541401,,272,,1551189621,811187686,"""cf1/base_link""","[0.0, 0.0, 0.0, 0.0, 0.0, 517.0]"
1551189621841703544,,273,,1551189621,841355831,"""cf1/base_link""","[0.0, 0.0, 0.0, 0.0, 0.0, 517.0]"
1551189621860227330,,274,,1551189621,859868157,"""cf1/base_link""","[0.0, 0.0, 0.0, 0.0, 0.0, 522.0]"
1551189621880669669,,275,,1551189621,880317233,"""cf1/base_link""","[0.0, 0.0, 0.0, 0.0, 0.0, 513.0]"
1551189621899102159,,276,,1551189621,898742825,"""cf1/base_link""","[0.0, 0.0, 0.0, 0.0, 0.0, 513.0]"
1551189621915677053,,277,,1551189621,915288233,"""cf1/base_link""","[0.0, 0.0, 0.0, 0.0, 0.0, 510.0]"
1551189621931831990,,278,,1551189621,931440541,"""cf1/base_link""","[0.0, 0.0, 0.0, 0.0, 0.0, 518.0]"
1551189621952011621,,279,,1551189621,951628379,"""cf1/base_link""","[0.0, 0.0, 0.0, 0.0, 0.0, 518.0]"
1551189621976398949,,280,,1551189621,976046013,"""cf1/base_link""","[0.0, 0.0, 0.0, 0.0, 0.0, 514.0]"
1551189621990667612,,281,,1551189621,990281247,"""cf1/base_link""","[0.0, 0.0, 0.0, 0.0, 0.0, 514.0]"
1551189622010414213,,282,,1551189622,10063361,"""cf1/base_link""","[0.0, 0.0, 0.0, 0.0, 0.0, 507.0]"
1551189622030423890,,283,,1551189622,30028960,"""cf1/base_link""","[0.0, 0.0, 0.0, 0.0, 0.0, 496.0]"
1551189622052088977,,284,,1551189622,51713833,"""cf1/base_link""","[0.0, 0.0, 0.0, 0.0, 0.0, 496.0]"
1551189622070500180,,285,,1551189622,70117253,"""cf1/base_link""","[0.0, 0.0, 0.0, 0.0, 0.0, 501.0]"
1551189622090701622,,286,,1551189622,90324363,"""cf1/base_link""","[0.0, 0.0, 0.0, 0.0, 0.0, 501.0]"
1551189622115261408,,287,,1551189622,114876304,"""cf1/base_link""","[0.0, 0.0, 0.0, 0.0, 0.0, 496.0]"
1551189622131305650,,288,,1551189622,130899781,"""cf1/base_link""","[0.0, 0.0, 0.0, 0.0, 0.0, 505.0]"
1551189622151404989,,289,,1551189622,151013781,"""cf1/base_link""","[0.0, 0.0, 0.0, 0.0, 0.0, 505.0]"
1551189622171180434,,290,,1551189622,170796877,"""cf1/base_link""","[0.0, 0.0, 0.0, 0.0, 0.0, 503.0]"
1551189622191095638,,291,,1551189622,190740755,"""cf1/base_link""","[0.0, 0.0, 0.0, 0.0, 0.0, 503.0]"
1551189622211162534,,292,,1551189622,210791352,"""cf1/base_link""","[0.0, 0.0, 0.0, 0.0, 0.0, 497.0]"
1551189622237748355,,293,,1551189622,237337382,"""cf1/base_link""","[0.0, 0.0, 0.0, 0.0, 0.0, 497.0]"
1551189622251914533,,294,,1551189622,251500408,"""cf1/base_link""","[0.0, 0.0, 0.0, 0.0, 0.0, 497.0]"
1551189622270059123,,295,,1551189622,269794426,"""cf1/base_link""","[0.0, 0.0, 0.0, 0.0, 0.0, 508.0]"
1551189622290246464,,296,,1551189622,289892627,"""cf1/base_link""","[0.0, 0.0, 0.0, 0.0, 0.0, 508.0]"
1551189622310428873,,297,,1551189622,310050156,"""cf1/base_link""","[0.0, 0.0, 0.0, 0.0, 0.0, 494.0]"
1551189622330382643,,298,,1551189622,329995351,"""cf1/base_link""","[0.0, 0.0, 0.0, 0.0, 0.0, 501.0]"
1551189622360758127,,299,,1551189622,360371131,"""cf1/base_link""","[0.0, 0.0, 0.0, 0.0, 0.0, 501.0]"
1551189622375021153,,300,,1551189622,374619424,"""cf1/base_link""","[0.0, 0.0, 0.0, 0.0, 0.0, 501.0]"
1551189622391316981,,301,,1551189622,390935866,"""cf1/base_link""","[0.0, 0.0, 0.0, 0.0, 0.0, 501.0]"
1551189622411756074,,302,,1551189622,411383406,"""cf1/base_link""","[0.0, 0.0, 0.0, 0.0, 0.0, 515.0]"
1551189622429841614,,303,,1551189622,429387069,"""cf1/base_link""","[0.0, 0.0, 0.0, 0.0, 0.0, 510.0]"
1551189622449638733,,304,,1551189622,449257080,"""cf1/base_link""","[0.0, 0.0, 0.0, 0.0, 0.0, 510.0]"
1551189622474357837,,305,,1551189622,474080880,"""cf1/base_link""","[0.0, 0.0, 0.0, 0.0, 0.0, 510.0]"
1551189622503252916,,306,,1551189622,502883360,"""cf1/base_link""","[0.0, 0.0, 0.0, 0.0, 0.0, 510.0]"
1551189622517503442,,307,,1551189622,517213594,"""cf1/base_link""","[0.0, 0.0, 0.0, 0.0, 0.0, 521.0]"
1551189622531832933,,308,,1551189622,531514040,"""cf1/base_link""","[0.0, 0.0, 0.0, 0.0, 0.0, 521.0]"
1551189622549355483,,309,,1551189622,549016519,"""cf1/base_link""","[0.0, 0.0, 0.0, 0.0, 0.0, 521.0]"
1551189622569341074,,310,,1551189622,568981219,"""cf1/base_link""","[0.0, 0.0, 0.0, 0.0, 0.0, 520.0]"
1551189622591514913,,311,,1551189622,591178340,"""cf1/base_link""","[0.0, 0.0, 0.0, 0.0, 0.0, 523.0]"
1551189622609558047,,312,,1551189622,609186615,"""cf1/base_link""","[0.0, 0.0, 0.0, 0.0, 0.0, 523.0]"
1551189622638439011,,313,,1551189622,638110720,"""cf1/base_link""","[0.0, 0.0, 0.0, 0.0, 0.0, 524.0]"
1551189622654799961,,314,,1551189622,654399388,"""cf1/base_link""","[0.0, 0.0, 0.0, 0.0, 0.0, 524.0]"
1551189622668876759,,315,,1551189622,668488128,"""cf1/base_link""","[0.0, 0.0, 0.0, 0.0, 0.0, 522.0]"
1551189622689140309,,316,,1551189622,688749993,"""cf1/base_link""","[0.0, 0.0, 0.0, 0.0, 0.0, 530.0]"
1551189622709085240,,317,,1551189622,708708898,"""cf1/base_link""","[0.0, 0.0, 0.0, 0.0, 0.0, 530.0]"
1551189622729400595,,318,,1551189622,728940882,"""cf1/base_link""","[0.0, 0.0, 0.0, 0.0, 0.0, 548.0]"
1551189622759898560,,319,,1551189622,759513605,"""cf1/base_link""","[0.0, 0.0, 0.0, 0.0, 0.0, 548.0]"
1551189622774098879,,320,,1551189622,773712293,"""cf1/base_link""","[0.0, 0.0, 0.0, 0.0, 0.0, 574.0]"
1551189622788346899,,321,,1551189622,787961735,"""cf1/base_link""","[0.0, 0.0, 0.0, 0.0, 0.0, 590.0]"
1551189622808450684,,322,,1551189622,808092253,"""cf1/base_link""","[0.0, 0.0, 0.0, 0.0, 0.0, 590.0]"
1551189622828761712,,323,,1551189622,828382670,"""cf1/base_link""","[0.0, 0.0, 0.0, 0.0, 0.0, 626.0]"
1551189622851111961,,324,,1551189622,850717472,"""cf1/base_link""","[0.0, 0.0, 0.0, 0.0, 0.0, 626.0]"
1551189622867254559,,325,,1551189622,866902892,"""cf1/base_link""","[0.0, 0.0, 0.0, 0.0, 0.0, 640.0]"
1551189622893676974,,326,,1551189622,893299929,"""cf1/base_link""","[0.0, 0.0, 0.0, 0.0, 0.0, 704.0]"
1551189622908037066,,327,,1551189622,907630533,"""cf1/base_link""","[0.0, 0.0, 0.0, 0.0, 0.0, 704.0]"
1551189622928226064,,328,,1551189622,927839777,"""cf1/base_link""","[0.0, 0.0, 0.0, 0.0, 0.0, 713.0]"
1551189622950511139,,329,,1551189622,950125430,"""cf1/base_link""","[0.0, 0.0, 0.0, 0.0, 0.0, 713.0]"
1551189622968661248,,330,,1551189622,968270673,"""cf1/base_link""","[0.0, 0.0, 0.0, 0.0, 0.0, 756.0]"
1551189622991064124,,331,,1551189622,990694577,"""cf1/base_link""","[0.0, 0.0, 0.0, 0.0, 0.0, 791.0]"
1551189623019647531,,332,,1551189623,19288238,"""cf1/base_link""","[0.0, 0.0, 0.0, 0.0, 0.0, 791.0]"
1551189623033756986,,333,,1551189623,33381534,"""cf1/base_link""","[0.0, 0.0, 0.0, 0.0, 0.0, 808.0]"
1551189623050097682,,334,,1551189623,49757627,"""cf1/base_link""","[0.0, 0.0, 0.0, 0.0, 0.0, 808.0]"
1551189623068137538,,335,,1551189623,67752923,"""cf1/base_link""","[0.0, 0.0, 0.0, 0.0, 0.0, 786.0]"
1551189623088188521,,336,,1551189623,87816531,"""cf1/base_link""","[0.0, 0.0, 0.0, 0.0, 0.0, 783.0]"
1551189623108199888,,337,,1551189623,107801750,"""cf1/base_link""","[0.0, 0.0, 0.0, 0.0, 0.0, 783.0]"
1551189623128189180,,338,,1551189623,127810673,"""cf1/base_link""","[0.0, 0.0, 0.0, 0.0, 0.0, 770.0]"
1551189623152813997,,339,,1551189623,152460182,"""cf1/base_link""","[0.0, 0.0, 0.0, 0.0, 0.0, 770.0]"
1551189623168928765,,340,,1551189623,168668321,"""cf1/base_link""","[0.0, 0.0, 0.0, 0.0, 0.0, 751.0]"
1551189623187466744,,341,,1551189623,187073192,"""cf1/base_link""","[0.0, 0.0, 0.0, 0.0, 0.0, 739.0]"
1551189623207302485,,342,,1551189623,206974726,"""cf1/base_link""","[0.0, 0.0, 0.0, 0.0, 0.0, 739.0]"
1551189623227453316,,343,,1551189623,227067303,"""cf1/base_link""","[0.0, 0.0, 0.0, 0.0, 0.0, 729.0]"
1551189623249634848,,344,,1551189623,249273018,"""cf1/base_link""","[0.0, 0.0, 0.0, 0.0, 0.0, 731.0]"
1551189623265913018,,345,,1551189623,265540192,"""cf1/base_link""","[0.0, 0.0, 0.0, 0.0, 0.0, 731.0]"
1551189623295040703,,346,,1551189623,294689361,"""cf1/base_link""","[0.0, 0.0, 0.0, 0.0, 0.0, 715.0]"
1551189623313651071,,347,,1551189623,313304516,"""cf1/base_link""","[0.0, 0.0, 0.0, 0.0, 0.0, 715.0]"
1551189623327931649,,348,,1551189623,327533455,"""cf1/base_link""","[0.0, 0.0, 0.0, 0.0, 0.0, 682.0]"
1551189623346076887,,349,,1551189623,345704645,"""cf1/base_link""","[0.0, 0.0, 0.0, 0.0, 0.0, 674.0]"
1551189623368129341,,350,,1551189623,367812884,"""cf1/base_link""","[0.0, 0.0, 0.0, 0.0, 0.0, 674.0]"
1551189623386349248,,351,,1551189623,385986683,"""cf1/base_link""","[0.0, 0.0, 0.0, 0.0, 0.0, 659.0]"
1551189623414809157,,352,,1551189623,414497133,"""cf1/base_link""","[0.0, 0.0, 0.0, 0.0, 0.0, 659.0]"
1551189623429093496,,353,,1551189623,428815717,"""cf1/base_link""","[0.0, 0.0, 0.0, 0.0, 0.0, 639.0]"
1551189623445661557,,354,,1551189623,445293283,"""cf1/base_link""","[0.0, 0.0, 0.0, 0.0, 0.0, 636.0]"
1551189623465799156,,355,,1551189623,465444607,"""cf1/base_link""","[0.0, 0.0, 0.0, 0.0, 0.0, 636.0]"
1551189623485882964,,356,,1551189623,485470430,"""cf1/base_link""","[0.0, 0.0, 0.0, 0.0, 0.0, 597.0]"
1551189623505825285,,357,,1551189623,505429500,"""cf1/base_link""","[0.0, 0.0, 0.0, 0.0, 0.0, 597.0]"
1551189623528177262,,358,,1551189623,527775904,"""cf1/base_link""","[0.0, 0.0, 0.0, 0.0, 0.0, 598.0]"
1551189623550886907,,359,,1551189623,550498253,"""cf1/base_link""","[0.0, 0.0, 0.0, 0.0, 0.0, 579.0]"
1551189623567137383,,360,,1551189623,566736580,"""cf1/base_link""","[0.0, 0.0, 0.0, 0.0, 0.0, 579.0]"
1551189623587257722,,361,,1551189623,586873616,"""cf1/base_link""","[0.0, 0.0, 0.0, 0.0, 0.0, 574.0]"
1551189623605599760,,362,,1551189623,605242689,"""cf1/base_link""","[0.0, 0.0, 0.0, 0.0, 0.0, 574.0]"
1551189623625521797,,363,,1551189623,625176332,"""cf1/base_link""","[0.0, 0.0, 0.0, 0.0, 0.0, 559.0]"
1551189623645571349,,364,,1551189623,645206559,"""cf1/base_link""","[0.0, 0.0, 0.0, 0.0, 0.0, 526.0]"
1551189623665615873,,365,,1551189623,665214804,"""cf1/base_link""","[0.0, 0.0, 0.0, 0.0, 0.0, 526.0]"
1551189623688087430,,366,,1551189623,687669218,"""cf1/base_link""","[0.0, 0.0, 0.0, 0.0, 0.0, 501.0]"
1551189623714504158,,367,,1551189623,714112488,"""cf1/base_link""","[0.0, 0.0, 0.0, 0.0, 0.0, 501.0]"
1551189623728664126,,368,,1551189623,728297764,"""cf1/base_link""","[0.0, 0.0, 0.0, 0.0, 0.0, 489.0]"
1551189623744768337,,369,,1551189623,744379757,"""cf1/base_link""","[0.0, 0.0, 0.0, 0.0, 0.0, 461.0]"
1551189623764636696,,370,,1551189623,764261736,"""cf1/base_link""","[0.0, 0.0, 0.0, 0.0, 0.0, 461.0]"
1551189623784625674,,371,,1551189623,784239702,"""cf1/base_link""","[0.0, 0.0, 0.0, 0.0, 0.0, 420.0]"
1551189623813349929,,372,,1551189623,812986887,"""cf1/base_link""","[0.0, 0.0, 0.0, 0.0, 0.0, 420.0]"
1551189623829641435,,373,,1551189623,829284134,"""cf1/base_link""","[0.0, 0.0, 0.0, 0.0, 0.0, 399.0]"
1551189623845690114,,374,,1551189623,845355397,"""cf1/base_link""","[0.0, 0.0, 0.0, 0.0, 0.0, 378.0]"
1551189623864162164,,375,,1551189623,863772333,"""cf1/base_link""","[0.0, 0.0, 0.0, 0.0, 0.0, 378.0]"
1551189623886348450,,376,,1551189623,886024591,"""cf1/base_link""","[0.0, 0.0, 0.0, 0.0, 0.0, 350.0]"
1551189623906646855,,377,,1551189623,906323684,"""cf1/base_link""","[0.0, 0.0, 0.0, 0.0, 0.0, 332.0]"
1551189623935261956,,378,,1551189623,934912380,"""cf1/base_link""","[0.0, 0.0, 0.0, 0.0, 0.0, 332.0]"
1551189623951627169,,379,,1551189623,951273776,"""cf1/base_link""","[0.0, 0.0, 0.0, 0.0, 0.0, 313.0]"
1551189623965898864,,380,,1551189623,965504857,"""cf1/base_link""","[0.0, 0.0, 0.0, 0.0, 0.0, 313.0]"
1551189623988083040,,381,,1551189623,987668554,"""cf1/base_link""","[0.0, 0.0, 0.0, 0.0, 0.0, 296.0]"
1551189624004200661,,382,,1551189624,3846047,"""cf1/base_link""","[0.0, 0.0, 0.0, 0.0, 0.0, 275.0]"
1551189624024245123,,383,,1551189624,23841262,"""cf1/base_link""","[0.0, 0.0, 0.0, 0.0, 0.0, 275.0]"
1551189624044350675,,384,,1551189624,43994879,"""cf1/base_link""","[0.0, 0.0, 0.0, 0.0, 0.0, 270.0]"
1551189624069109604,,385,,1551189624,68734733,"""cf1/base_link""","[0.0, 0.0, 0.0, 0.0, 0.0, 270.0]"
1551189624085577093,,386,,1551189624,85182296,"""cf1/base_link""","[0.0, 0.0, 0.0, 0.0, 0.0, 257.0]"
1551189624103763050,,387,,1551189624,103348922,"""cf1/base_link""","[0.0, 0.0, 0.0, 0.0, 0.0, 259.0]"
1551189624123839743,,388,,1551189624,123441503,"""cf1/base_link""","[0.0, 0.0, 0.0, 0.0, 0.0, 259.0]"
1551189624150077888,,389,,1551189624,149690414,"""cf1/base_link""","[0.0, 0.0, 0.0, 0.0, 0.0, 247.0]"
1551189624168649856,,390,,1551189624,168287831,"""cf1/base_link""","[0.0, 0.0, 0.0, 0.0, 0.0, 247.0]"
1551189624186745344,,391,,1551189624,186356800,"""cf1/base_link""","[0.0, 0.0, 0.0, 0.0, 0.0, 246.0]"
1551189624211414098,,392,,1551189624,211028864,"""cf1/base_link""","[0.0, 0.0, 0.0, 0.0, 0.0, 245.0]"
1551189624227639349,,393,,1551189624,227254081,"""cf1/base_link""","[0.0, 0.0, 0.0, 0.0, 0.0, 245.0]"
1551189624243735602,,394,,1551189624,243362345,"""cf1/base_link""","[0.0, 0.0, 0.0, 0.0, 0.0, 241.0]"
1551189624265842319,,395,,1551189624,265494401,"""cf1/base_link""","[0.0, 0.0, 0.0, 0.0, 0.0, 241.0]"
1551189624286086742,,396,,1551189624,285700551,"""cf1/base_link""","[0.0, 0.0, 0.0, 0.0, 0.0, 249.0]"
1551189624304259493,,397,,1551189624,303861222,"""cf1/base_link""","[0.0, 0.0, 0.0, 0.0, 0.0, 255.0]"
1551189624331139481,,398,,1551189624,330749626,"""cf1/base_link""","[0.0, 0.0, 0.0, 0.0, 0.0, 255.0]"
1551189624345326213,,399,,1551189624,344976969,"""cf1/base_link""","[0.0, 0.0, 0.0, 0.0, 0.0, 264.0]"
1551189624363322467,,400,,1551189624,363058311,"""cf1/base_link""","[0.0, 0.0, 0.0, 0.0, 0.0, 264.0]"
1551189624383377919,,401,,1551189624,383095726,"""cf1/base_link""","[0.0, 0.0, 0.0, 0.0, 0.0, 264.0]"
1551189624403468259,,402,,1551189624,403117639,"""cf1/base_link""","[0.0, 0.0, 0.0, 0.0, 0.0, 276.0]"
1551189624425687771,,403,,1551189624,425309348,"""cf1/base_link""","[0.0, 0.0, 0.0, 0.0, 0.0, 276.0]"
1551189624443535289,,404,,1551189624,443234139,"""cf1/base_link""","[0.0, 0.0, 0.0, 0.0, 0.0, 285.0]"
1551189624472134394,,405,,1551189624,471739908,"""cf1/base_link""","[0.0, 0.0, 0.0, 0.0, 0.0, 285.0]"
1551189624488483496,,406,,1551189624,488116813,"""cf1/base_link""","[0.0, 0.0, 0.0, 0.0, 0.0, 298.0]"
1551189624504817040,,407,,1551189624,504463148,"""cf1/base_link""","[0.0, 0.0, 0.0, 0.0, 0.0, 316.0]"
1551189624522874697,,408,,1551189624,522541722,"""cf1/base_link""","[0.0, 0.0, 0.0, 0.0, 0.0, 316.0]"
1551189624545476504,,409,,1551189624,545089255,"""cf1/base_link""","[0.0, 0.0, 0.0, 0.0, 0.0, 327.0]"
1551189624563450450,,410,,1551189624,563046885,"""cf1/base_link""","[0.0, 0.0, 0.0, 0.0, 0.0, 352.0]"
1551189624581532395,,411,,1551189624,581133590,"""cf1/base_link""","[0.0, 0.0, 0.0, 0.0, 0.0, 352.0]"
1551189624608195511,,412,,1551189624,607839625,"""cf1/base_link""","[0.0, 0.0, 0.0, 0.0, 0.0, 362.0]"
1551189624622479001,,413,,1551189624,622089293,"""cf1/base_link""","[0.0, 0.0, 0.0, 0.0, 0.0, 362.0]"
1551189624642779069,,414,,1551189624,642391147,"""cf1/base_link""","[0.0, 0.0, 0.0, 0.0, 0.0, 391.0]"
1551189624662573806,,415,,1551189624,662202372,"""cf1/base_link""","[0.0, 0.0, 0.0, 0.0, 0.0, 401.0]"
1551189624682503332,,416,,1551189624,682174039,"""cf1/base_link""","[0.0, 0.0, 0.0, 0.0, 0.0, 401.0]"
1551189624702716573,,417,,1551189624,702352244,"""cf1/base_link""","[0.0, 0.0, 0.0, 0.0, 0.0, 428.0]"
1551189624731131433,,418,,1551189624,730738256,"""cf1/base_link""","[0.0, 0.0, 0.0, 0.0, 0.0, 428.0]"
1551189624745391533,,419,,1551189624,745004104,"""cf1/base_link""","[0.0, 0.0, 0.0, 0.0, 0.0, 454.0]"
1551189624763394388,,420,,1551189624,763121479,"""cf1/base_link""","[0.0, 0.0, 0.0, 0.0, 0.0, 481.0]"
1551189624781520624,,421,,1551189624,781143811,"""cf1/base_link""","[0.0, 0.0, 0.0, 0.0, 0.0, 481.0]"
1551189624801656319,,422,,1551189624,801274318,"""cf1/base_link""","[0.0, 0.0, 0.0, 0.0, 0.0, 501.0]"
1551189624821953543,,423,,1551189624,821571562,"""cf1/base_link""","[0.0, 0.0, 0.0, 0.0, 0.0, 501.0]"
1551189624841805423,,424,,1551189624,841523021,"""cf1/base_link""","[0.0, 0.0, 0.0, 0.0, 0.0, 531.0]"
1551189624864528627,,425,,1551189624,864162243,"""cf1/base_link""","[0.0, 0.0, 0.0, 0.0, 0.0, 546.0]"
1551189624882790127,,426,,1551189624,882417527,"""cf1/base_link""","[0.0, 0.0, 0.0, 0.0, 0.0, 546.0]"
1551189624902795606,,427,,1551189624,902431876,"""cf1/base_link""","[0.0, 0.0, 0.0, 0.0, 0.0, 591.0]"
1551189624920907149,,428,,1551189624,920512108,"""cf1/base_link""","[0.0, 0.0, 0.0, 0.0, 0.0, 591.0]"
1551189624947264061,,429,,1551189624,946871883,"""cf1/base_link""","[0.0, 0.0, 0.0, 0.0, 0.0, 610.0]"
1551189624963540202,,430,,1551189624,963153984,"""cf1/base_link""","[0.0, 0.0, 0.0, 0.0, 0.0, 643.0]"
1551189624990113105,,431,,1551189624,989712092,"""cf1/base_link""","[0.0, 0.0, 0.0, 0.0, 0.0, 643.0]"
1551189625004567785,,432,,1551189625,4168365,"""cf1/base_link""","[0.0, 0.0, 0.0, 0.0, 0.0, 661.0]"
1551189625025252521,,433,,1551189625,24906268,"""cf1/base_link""","[0.0, 0.0, 0.0, 0.0, 0.0, 661.0]"
1551189625041543419,,434,,1551189625,41164326,"""cf1/base_link""","[0.0, 0.0, 0.0, 0.0, 0.0, 673.0]"
1551189625061573617,,435,,1551189625,61227623,"""cf1/base_link""","[0.0, 0.0, 0.0, 0.0, 0.0, 671.0]"
1551189625081489239,,436,,1551189625,81170098,"""cf1/base_link""","[0.0, 0.0, 0.0, 0.0, 0.0, 671.0]"
1551189625101602955,,437,,1551189625,101244991,"""cf1/base_link""","[0.0, 0.0, 0.0, 0.0, 0.0, 681.0]"
1551189625126182162,,438,,1551189625,125798752,"""cf1/base_link""","[0.0, 0.0, 0.0, 0.0, 0.0, 681.0]"
1551189625140385439,,439,,1551189625,140028059,"""cf1/base_link""","[0.0, 0.0, 0.0, 0.0, 0.0, 703.0]"
1551189625160348567,,440,,1551189625,159998234,"""cf1/base_link""","[0.0, 0.0, 0.0, 0.0, 0.0, 712.0]"
1551189625182253623,,441,,1551189625,181864615,"""cf1/base_link""","[0.0, 0.0, 0.0, 0.0, 0.0, 712.0]"
1551189625200517725,,442,,1551189625,200151022,"""cf1/base_link""","[0.0, 0.0, 0.0, 0.0, 0.0, 724.0]"
1551189625222570478,,443,,1551189625,222179730,"""cf1/base_link""","[0.0, 0.0, 0.0, 0.0, 0.0, 721.0]"
1551189625250803732,,444,,1551189625,250413799,"""cf1/base_link""","[0.0, 0.0, 0.0, 0.0, 0.0, 721.0]"
1551189625264898001,,445,,1551189625,264556054,"""cf1/base_link""","[0.0, 0.0, 0.0, 0.0, 0.0, 722.0]"
1551189625281199489,,446,,1551189625,280809036,"""cf1/base_link""","[0.0, 0.0, 0.0, 0.0, 0.0, 722.0]"
1551189625299431957,,447,,1551189625,299029221,"""cf1/base_link""","[0.0, 0.0, 0.0, 0.0, 0.0, 741.0]"
1551189625319507812,,448,,1551189625,319164550,"""cf1/base_link""","[0.0, 0.0, 0.0, 0.0, 0.0, 730.0]"
1551189625344184803,,449,,1551189625,343779328,"""cf1/base_link""","[0.0, 0.0, 0.0, 0.0, 0.0, 730.0]"
1551189625360600297,,450,,1551189625,360203321,"""cf1/base_link""","[0.0, 0.0, 0.0, 0.0, 0.0, 729.0]"
1551189625385415067,,451,,1551189625,385057065,"""cf1/base_link""","[0.0, 0.0, 0.0, 0.0, 0.0, 729.0]"
1551189625401670416,,452,,1551189625,401368717,"""cf1/base_link""","[0.0, 0.0, 0.0, 0.0, 0.0, 750.0]"
1551189625419780634,,453,,1551189625,419397345,"""cf1/base_link""","[0.0, 0.0, 0.0, 0.0, 0.0, 736.0]"
1551189625439761672,,454,,1551189625,439481555,"""cf1/base_link""","[0.0, 0.0, 0.0, 0.0, 0.0, 736.0]"
1551189625459718093,,455,,1551189625,459365769,"""cf1/base_link""","[0.0, 0.0, 0.0, 0.0, 0.0, 718.0]"
1551189625481836195,,456,,1551189625,481509271,"""cf1/base_link""","[0.0, 0.0, 0.0, 0.0, 0.0, 718.0]"
1551189625508585327,,457,,1551189625,508235968,"""cf1/base_link""","[0.0, 0.0, 0.0, 0.0, 0.0, 743.0]"
1551189625522916981,,458,,1551189625,522515034,"""cf1/base_link""","[0.0, 0.0, 0.0, 0.0, 0.0, 744.0]"
1551189625541089896,,459,,1551189625,540705789,"""cf1/base_link""","[0.0, 0.0, 0.0, 0.0, 0.0, 744.0]"
1551189625561575196,,460,,1551189625,561179670,"""cf1/base_link""","[0.0, 0.0, 0.0, 0.0, 0.0, 746.0]"
1551189625579829821,,461,,1551189625,579457910,"""cf1/base_link""","[0.0, 0.0, 0.0, 0.0, 0.0, 746.0]"
1551189625600075365,,462,,1551189625,599705678,"""cf1/base_link""","[0.0, 0.0, 0.0, 0.0, 0.0, 730.0]"
1551189625622361807,,463,,1551189625,622048708,"""cf1/base_link""","[0.0, 0.0, 0.0, 0.0, 0.0, 713.0]"
1551189625653339365,,464,,1551189625,653021140,"""cf1/base_link""","[0.0, 0.0, 0.0, 0.0, 0.0, 713.0]"
1551189625669670602,,465,,1551189625,669338027,"""cf1/base_link""","[0.0, 0.0, 0.0, 0.0, 0.0, 708.0]"
1551189625690124943,,466,,1551189625,689746746,"""cf1/base_link""","[0.0, 0.0, 0.0, 0.0, 0.0, 708.0]"
1551189625704621510,,467,,1551189625,704064741,"""cf1/base_link""","[0.0, 0.0, 0.0, 0.0, 0.0, 698.0]"
1551189625720652356,,468,,1551189625,720243085,"""cf1/base_link""","[0.0, 0.0, 0.0, 0.0, 0.0, 655.0]"
1551189625738651875,,469,,1551189625,738373505,"""cf1/base_link""","[0.0, 0.0, 0.0, 0.0, 0.0, 655.0]"
1551189625758529637,,470,,1551189625,758203945,"""cf1/base_link""","[0.0, 0.0, 0.0, 0.0, 0.0, 630.0]"
1551189625783188497,,471,,1551189625,782788215,"""cf1/base_link""","[0.0, 0.0, 0.0, 0.0, 0.0, 630.0]"
1551189625799357007,,472,,1551189625,799084980,"""cf1/base_link""","[0.0, 0.0, 0.0, 0.0, 0.0, 629.0]"
1551189625823756876,,473,,1551189625,823390068,"""cf1/base_link""","[0.0, 0.0, 0.0, 0.0, 0.0, 584.0]"
1551189625838111580,,474,,1551189625,837727682,"""cf1/base_link""","[0.0, 0.0, 0.0, 0.0, 0.0, 584.0]"
1551189625858135971,,475,,1551189625,857720108,"""cf1/base_link""","[0.0, 0.0, 0.0, 0.0, 0.0, 569.0]"
1551189625880624366,,476,,1551189625,880223220,"""cf1/base_link""","[0.0, 0.0, 0.0, 0.0, 0.0, 535.0]"
1551189625907242450,,477,,1551189625,906828981,"""cf1/base_link""","[0.0, 0.0, 0.0, 0.0, 0.0, 535.0]"
1551189625921398093,,478,,1551189625,921010723,"""cf1/base_link""","[0.0, 0.0, 0.0, 0.0, 0.0, 505.0]"
1551189625939481794,,479,,1551189625,939140404,"""cf1/base_link""","[0.0, 0.0, 0.0, 0.0, 0.0, 505.0]"
1551189625957576432,,480,,1551189625,957219662,"""cf1/base_link""","[0.0, 0.0, 0.0, 0.0, 0.0, 479.0]"
1551189625977593528,,481,,1551189625,977201756,"""cf1/base_link""","[0.0, 0.0, 0.0, 0.0, 0.0, 455.0]"
1551189625997552308,,482,,1551189625,997199788,"""cf1/base_link""","[0.0, 0.0, 0.0, 0.0, 0.0, 455.0]"
1551189626019714533,,483,,1551189626,19374213,"""cf1/base_link""","[0.0, 0.0, 0.0, 0.0, 0.0, 427.0]"
1551189626042389324,,484,,1551189626,41995102,"""cf1/base_link""","[0.0, 0.0, 0.0, 0.0, 0.0, 427.0]"
1551189626058449382,,485,,1551189626,58075467,"""cf1/base_link""","[0.0, 0.0, 0.0, 0.0, 0.0, 399.0]"
1551189626076746417,,486,,1551189626,76356091,"""cf1/base_link""","[0.0, 0.0, 0.0, 0.0, 0.0, 392.0]"
1551189626098563574,,487,,1551189626,98174537,"""cf1/base_link""","[0.0, 0.0, 0.0, 0.0, 0.0, 392.0]"
1551189626118746594,,488,,1551189626,118345368,"""cf1/base_link""","[0.0, 0.0, 0.0, 0.0, 0.0, 362.0]"
1551189626140988446,,489,,1551189626,140600809,"""cf1/base_link""","[0.0, 0.0, 0.0, 0.0, 0.0, 362.0]"
1551189626163486198,,490,,1551189626,163183798,"""cf1/base_link""","[0.0, 0.0, 0.0, 0.0, 0.0, 345.0]"
1551189626179821745,,491,,1551189626,179454475,"""cf1/base_link""","[0.0, 0.0, 0.0, 0.0, 0.0, 328.0]"
1551189626204093916,,492,,1551189626,203748233,"""cf1/base_link""","[0.0, 0.0, 0.0, 0.0, 0.0, 328.0]"
1551189626218597063,,493,,1551189626,218239301,"""cf1/base_link""","[0.0, 0.0, 0.0, 0.0, 0.0, 309.0]"
1551189626238772417,,494,,1551189626,238382295,"""cf1/base_link""","[0.0, 0.0, 0.0, 0.0, 0.0, 309.0]"
1551189626256759038,,495,,1551189626,256373680,"""cf1/base_link""","[0.0, 0.0, 0.0, 0.0, 0.0, 296.0]"
1551189626276577006,,496,,1551189626,276178678,"""cf1/base_link""","[0.0, 0.0, 0.0, 0.0, 0.0, 279.0]"
1551189626299213599,,497,,1551189626,298833668,"""cf1/base_link""","[0.0, 0.0, 0.0, 0.0, 0.0, 279.0]"
1551189626319092950,,498,,1551189626,318721295,"""cf1/base_link""","[0.0, 0.0, 0.0, 0.0, 0.0, 280.0]"
1551189626343558670,,499,,1551189626,343154863,"""cf1/base_link""","[0.0, 0.0, 0.0, 0.0, 0.0, 280.0]"
1551189626359831515,,500,,1551189626,359490639,"""cf1/base_link""","[0.0, 0.0, 0.0, 0.0, 0.0, 259.0]"
1551189626378283487,,501,,1551189626,377868325,"""cf1/base_link""","[0.0, 0.0, 0.0, 0.0, 0.0, 254.0]"
1551189626396485893,,502,,1551189626,396132208,"""cf1/base_link""","[0.0, 0.0, 0.0, 0.0, 0.0, 254.0]"
1551189626419278036,,503,,1551189626,418883739,"""cf1/base_link""","[0.0, 0.0, 0.0, 0.0, 0.0, 247.0]"
1551189626437599555,,504,,1551189626,437184169,"""cf1/base_link""","[0.0, 0.0, 0.0, 0.0, 0.0, 247.0]"
1551189626455649325,,505,,1551189626,455256616,"""cf1/base_link""","[0.0, 0.0, 0.0, 0.0, 0.0, 246.0]"
1551189626477630746,,506,,1551189626,477259224,"""cf1/base_link""","[0.0, 0.0, 0.0, 0.0, 0.0, 244.0]"
1551189626497790855,,507,,1551189626,497437154,"""cf1/base_link""","[0.0, 0.0, 0.0, 0.0, 0.0, 244.0]"
1551189626516069968,,508,,1551189626,515679310,"""cf1/base_link""","[0.0, 0.0, 0.0, 0.0, 0.0, 241.0]"
1551189626546749576,,509,,1551189626,546394559,"""cf1/base_link""","[0.0, 0.0, 0.0, 0.0, 0.0, 239.0]"
1551189626563214162,,510,,1551189626,562877858,"""cf1/base_link""","[0.0, 0.0, 0.0, 0.0, 0.0, 239.0]"
1551189626579593246,,511,,1551189626,579246811,"""cf1/base_link""","[0.0, 0.0, 0.0, 0.0, 0.0, 254.0]"
1551189626596051906,,512,,1551189626,595641025,"""cf1/base_link""","[0.0, 0.0, 0.0, 0.0, 0.0, 254.0]"
1551189626615968469,,513,,1551189626,615609515,"""cf1/base_link""","[0.0, 0.0, 0.0, 0.0, 0.0, 255.0]"
1551189626636148602,,514,,1551189626,635739856,"""cf1/base_link""","[0.0, 0.0, 0.0, 0.0, 0.0, 258.0]"
1551189626656603086,,515,,1551189626,656211025,"""cf1/base_link""","[0.0, 0.0, 0.0, 0.0, 0.0, 258.0]"
1551189626679111743,,516,,1551189626,678878444,"""cf1/base_link""","[0.0, 0.0, 0.0, 0.0, 0.0, 266.0]"
1551189626695475624,,517,,1551189626,695119127,"""cf1/base_link""","[0.0, 0.0, 0.0, 0.0, 0.0, 266.0]"
1551189626715737717,,518,,1551189626,715346303,"""cf1/base_link""","[0.0, 0.0, 0.0, 0.0, 0.0, 278.0]"
1551189626736228472,,519,,1551189626,735843620,"""cf1/base_link""","[0.0, 0.0, 0.0, 0.0, 0.0, 292.0]"
1551189626756210146,,520,,1551189626,755843129,"""cf1/base_link""","[0.0, 0.0, 0.0, 0.0, 0.0, 292.0]"
1551189626776286392,,521,,1551189626,775923429,"""cf1/base_link""","[0.0, 0.0, 0.0, 0.0, 0.0, 301.0]"
1551189626804916814,,522,,1551189626,804600906,"""cf1/base_link""","[0.0, 0.0, 0.0, 0.0, 0.0, 301.0]"
1551189626819171235,,523,,1551189626,818817329,"""cf1/base_link""","[0.0, 0.0, 0.0, 0.0, 0.0, 320.0]"
1551189626839414636,,524,,1551189626,839101029,"""cf1/base_link""","[0.0, 0.0, 0.0, 0.0, 0.0, 343.0]"
1551189626855815779,,525,,1551189626,855417893,"""cf1/base_link""","[0.0, 0.0, 0.0, 0.0, 0.0, 343.0]"
1551189626876038993,,526,,1551189626,875741833,"""cf1/base_link""","[0.0, 0.0, 0.0, 0.0, 0.0, 354.0]"
1551189626894093825,,527,,1551189626,893734419,"""cf1/base_link""","[0.0, 0.0, 0.0, 0.0, 0.0, 354.0]"
1551189626920433496,,528,,1551189626,920045030,"""cf1/base_link""","[0.0, 0.0, 0.0, 0.0, 0.0, 369.0]"
1551189626945212174,,529,,1551189626,944819509,"""cf1/base_link""","[0.0, 0.0, 0.0, 0.0, 0.0, 400.0]"
1551189626959561801,,530,,1551189626,959194225,"""cf1/base_link""","[0.0, 0.0, 0.0, 0.0, 0.0, 400.0]"
1551189626975706583,,531,,1551189626,975324090,"""cf1/base_link""","[0.0, 0.0, 0.0, 0.0, 0.0, 427.0]"
1551189626995633106,,532,,1551189626,995248017,"""cf1/base_link""","[0.0, 0.0, 0.0, 0.0, 0.0, 427.0]"
1551189627013582792,,533,,1551189627,13270543,"""cf1/base_link""","[0.0, 0.0, 0.0, 0.0, 0.0, 448.0]"
1551189627033479103,,534,,1551189627,33181861,"""cf1/base_link""","[0.0, 0.0, 0.0, 0.0, 0.0, 463.0]"
1551189627062039917,,535,,1551189627,61644808,"""cf1/base_link""","[0.0, 0.0, 0.0, 0.0, 0.0, 463.0]"
1551189627078342643,,536,,1551189627,77922249,"""cf1/base_link""","[0.0, 0.0, 0.0, 0.0, 0.0, 488.0]"
1551189627094437756,,537,,1551189627,94050834,"""cf1/base_link""","[0.0, 0.0, 0.0, 0.0, 0.0, 488.0]"
1551189627116561991,,538,,1551189627,116187416,"""cf1/base_link""","[0.0, 0.0, 0.0, 0.0, 0.0, 524.0]"
1551189627134695544,,539,,1551189627,134377750,"""cf1/base_link""","[0.0, 0.0, 0.0, 0.0, 0.0, 545.0]"
1551189627157139935,,540,,1551189627,156742233,"""cf1/base_link""","[0.0, 0.0, 0.0, 0.0, 0.0, 545.0]"
1551189627183953899,,541,,1551189627,183556759,"""cf1/base_link""","[0.0, 0.0, 0.0, 0.0, 0.0, 556.0]"
1551189627198136172,,542,,1551189627,197737995,"""cf1/base_link""","[0.0, 0.0, 0.0, 0.0, 0.0, 574.0]"
1551189627214478178,,543,,1551189627,214116656,"""cf1/base_link""","[0.0, 0.0, 0.0, 0.0, 0.0, 574.0]"
1551189627234676051,,544,,1551189627,234336002,"""cf1/base_link""","[0.0, 0.0, 0.0, 0.0, 0.0, 587.0]"
1551189627252985278,,545,,1551189627,252645269,"""cf1/base_link""","[0.0, 0.0, 0.0, 0.0, 0.0, 587.0]"
1551189627274942076,,546,,1551189627,274537789,"""cf1/base_link""","[0.0, 0.0, 0.0, 0.0, 0.0, 649.0]"
1551189627295354953,,547,,1551189627,294993073,"""cf1/base_link""","[0.0, 0.0, 0.0, 0.0, 0.0, 690.0]"
1551189627324280934,,548,,1551189627,323915763,"""cf1/base_link""","[0.0, 0.0, 0.0, 0.0, 0.0, 690.0]"
1551189627338528712,,549,,1551189627,338190042,"""cf1/base_link""","[0.0, 0.0, 0.0, 0.0, 0.0, 712.0]"
1551189627354479784,,550,,1551189627,354111583,"""cf1/base_link""","[0.0, 0.0, 0.0, 0.0, 0.0, 712.0]"
1551189627374320422,,551,,1551189627,373950713,"""cf1/base_link""","[0.0, 0.0, 0.0, 0.0, 0.0, 711.0]"
1551189627394585761,,552,,1551189627,394221918,"""cf1/base_link""","[0.0, 0.0, 0.0, 0.0, 0.0, 723.0]"
1551189627412700804,,553,,1551189627,412388450,"""cf1/base_link""","[0.0, 0.0, 0.0, 0.0, 0.0, 723.0]"
1551189627432714738,,554,,1551189627,432377170,"""cf1/base_link""","[0.0, 0.0, 0.0, 0.0, 0.0, 756.0]"
1551189627459953911,,555,,1551189627,459486299,"""cf1/base_link""","[0.0, 0.0, 0.0, 0.0, 0.0, 756.0]"
1551189627478374977,,556,,1551189627,478028689,"""cf1/base_link""","[0.0, 0.0, 0.0, 0.0, 0.0, 744.0]"
1551189627496771659,,557,,1551189627,496404004,"""cf1/base_link""","[0.0, 0.0, 0.0, 0.0, 0.0, 772.0]"
1551189627516828639,,558,,1551189627,516475392,"""cf1/base_link""","[0.0, 0.0, 0.0, 0.0, 0.0, 772.0]"
1551189627535138036,,559,,1551189627,534777548,"""cf1/base_link""","[0.0, 0.0, 0.0, 0.0, 0.0, 779.0]"
1551189627553649242,,560,,1551189627,553285364,"""cf1/base_link""","[0.0, 0.0, 0.0, 0.0, 0.0, 779.0]"
1551189627582466806,,561,,1551189627,582113291,"""cf1/base_link""","[0.0, 0.0, 0.0, 0.0, 0.0, 759.0]"
1551189627600879055,,562,,1551189627,600502449,"""cf1/base_link""","[0.0, 0.0, 0.0, 0.0, 0.0, 740.0]"
1551189627617242437,,563,,1551189627,616860368,"""cf1/base_link""","[0.0, 0.0, 0.0, 0.0, 0.0, 740.0]"
1551189627633272594,,564,,1551189627,632887567,"""cf1/base_link""","[0.0, 0.0, 0.0, 0.0, 0.0, 731.0]"
1551189627653169099,,565,,1551189627,652782062,"""cf1/base_link""","[0.0, 0.0, 0.0, 0.0, 0.0, 731.0]"
1551189627673157570,,566,,1551189627,672765081,"""cf1/base_link""","[0.0, 0.0, 0.0, 0.0, 0.0, 759.0]"
1551189627693170683,,567,,1551189627,692787151,"""cf1/base_link""","[0.0, 0.0, 0.0, 0.0, 0.0, 747.0]"
1551189627717876936,,568,,1551189627,717500880,"""cf1/base_link""","[0.0, 0.0, 0.0, 0.0, 0.0, 747.0]"
1551189627736422867,,569,,1551189627,736063831,"""cf1/base_link""","[0.0, 0.0, 0.0, 0.0, 0.0, 711.0]"
1551189627752856832,,570,,1551189627,752499850,"""cf1/base_link""","[0.0, 0.0, 0.0, 0.0, 0.0, 711.0]"
1551189627772806133,,571,,1551189627,772411103,"""cf1/base_link""","[0.0, 0.0, 0.0, 0.0, 0.0, 731.0]"
1551189627792686048,,572,,1551189627,792316169,"""cf1/base_link""","[0.0, 0.0, 0.0, 0.0, 0.0, 704.0]"
1551189627812535376,,573,,1551189627,812216304,"""cf1/base_link""","[0.0, 0.0, 0.0, 0.0, 0.0, 704.0]"
1551189627843300989,,574,,1551189627,842869389,"""cf1/base_link""","[0.0, 0.0, 0.0, 0.0, 0.0, 711.0]"
1551189627857572157,,575,,1551189627,857165817,"""cf1/base_link""","[0.0, 0.0, 0.0, 0.0, 0.0, 723.0]"
1551189627871721816,,576,,1551189627,871318739,"""cf1/base_link""","[0.0, 0.0, 0.0, 0.0, 0.0, 723.0]"
1551189627891585696,,577,,1551189627,891249812,"""cf1/base_link""","[0.0, 0.0, 0.0, 0.0, 0.0, 696.0]"
1551189627911584357,,578,,1551189627,911213487,"""cf1/base_link""","[0.0, 0.0, 0.0, 0.0, 0.0, 696.0]"
1551189627931687627,,579,,1551189627,931325947,"""cf1/base_link""","[0.0, 0.0, 0.0, 0.0, 0.0, 684.0]"
1551189627951647853,,580,,1551189627,951235452,"""cf1/base_link""","[0.0, 0.0, 0.0, 0.0, 0.0, 694.0]"
1551189627974193982,,581,,1551189627,973882346,"""cf1/base_link""","[0.0, 0.0, 0.0, 0.0, 0.0, 694.0]"
1551189627990502779,,582,,1551189627,990093021,"""cf1/base_link""","[0.0, 0.0, 0.0, 0.0, 0.0, 654.0]"
1551189628010350818,,583,,1551189628,9952792,"""cf1/base_link""","[0.0, 0.0, 0.0, 0.0, 0.0, 654.0]"
1551189628038879144,,584,,1551189628,38547937,"""cf1/base_link""","[0.0, 0.0, 0.0, 0.0, 0.0, 639.0]"
1551189628055180582,,585,,1551189628,54849912,"""cf1/base_link""","[0.0, 0.0, 0.0, 0.0, 0.0, 628.0]"
1551189628071251337,,586,,1551189628,70846132,"""cf1/base_link""","[0.0, 0.0, 0.0, 0.0, 0.0, 628.0]"
1551189628099741561,,587,,1551189628,99346631,"""cf1/base_link""","[0.0, 0.0, 0.0, 0.0, 0.0, 590.0]"
1551189628115985969,,588,,1551189628,115577716,"""cf1/base_link""","[0.0, 0.0, 0.0, 0.0, 0.0, 590.0]"
1551189628132235358,,589,,1551189628,131883274,"""cf1/base_link""","[0.0, 0.0, 0.0, 0.0, 0.0, 569.0]"
1551189628150780795,,590,,1551189628,150432361,"""cf1/base_link""","[0.0, 0.0, 0.0, 0.0, 0.0, 552.0]"
1551189628170959425,,591,,1551189628,170660604,"""cf1/base_link""","[0.0, 0.0, 0.0, 0.0, 0.0, 552.0]"
1551189628191150542,,592,,1551189628,190794181,"""cf1/base_link""","[0.0, 0.0, 0.0, 0.0, 0.0, 522.0]"
1551189628211552486,,593,,1551189628,211207205,"""cf1/base_link""","[0.0, 0.0, 0.0, 0.0, 0.0, 522.0]"
1551189628240614696,,594,,1551189628,240258168,"""cf1/base_link""","[0.0, 0.0, 0.0, 0.0, 0.0, 501.0]"
1551189628256963122,,595,,1551189628,256607100,"""cf1/base_link""","[0.0, 0.0, 0.0, 0.0, 0.0, 475.0]"
1551189628273337669,,596,,1551189628,272990141,"""cf1/base_link""","[0.0, 0.0, 0.0, 0.0, 0.0, 475.0]"
1551189628291599172,,597,,1551189628,291206216,"""cf1/base_link""","[0.0, 0.0, 0.0, 0.0, 0.0, 451.0]"
1551189628316185680,,598,,1551189628,315804991,"""cf1/base_link""","[0.0, 0.0, 0.0, 0.0, 0.0, 451.0]"
1551189628341044011,,599,,1551189628,340647021,"""cf1/base_link""","[0.0, 0.0, 0.0, 0.0, 0.0, 429.0]"
1551189628367978526,,600,,1551189628,367595516,"""cf1/base_link""","[0.0, 0.0, 0.0, 0.0, 0.0, 410.0]"
1551189628386509766,,601,,1551189628,386155181,"""cf1/base_link""","[0.0, 0.0, 0.0, 0.0, 0.0, 410.0]"
1551189628400791137,,602,,1551189628,400409606,"""cf1/base_link""","[0.0, 0.0, 0.0, 0.0, 0.0, 391.0]"
1551189628417024154,,603,,1551189628,416639790,"""cf1/base_link""","[0.0, 0.0, 0.0, 0.0, 0.0, 391.0]"
1551189628437648516,,604,,1551189628,437281371,"""cf1/base_link""","[0.0, 0.0, 0.0, 0.0, 0.0, 374.0]"
1551189628451865826,,605,,1551189628,451481286,"""cf1/base_link""","[0.0, 0.0, 0.0, 0.0, 0.0, 358.0]"
1551189628469986926,,606,,1551189628,469670348,"""cf1/base_link""","[0.0, 0.0, 0.0, 0.0, 0.0, 358.0]"
1551189628498567897,,607,,1551189628,498189638,"""cf1/base_link""","[0.0, 0.0, 0.0, 0.0, 0.0, 335.0]"
1551189628512752210,,608,,1551189628,512415314,"""cf1/base_link""","[0.0, 0.0, 0.0, 0.0, 0.0, 316.0]"
1551189628528888817,,609,,1551189628,528482823,"""cf1/base_link""","[0.0, 0.0, 0.0, 0.0, 0.0, 316.0]"
1551189628548834775,,610,,1551189628,548462557,"""cf1/base_link""","[0.0, 0.0, 0.0, 0.0, 0.0, 297.0]"
1551189628568840379,,611,,1551189628,568457077,"""cf1/base_link""","[0.0, 0.0, 0.0, 0.0, 0.0, 297.0]"
1551189628595075090,,612,,1551189628,594671501,"""cf1/base_link""","[0.0, 0.0, 0.0, 0.0, 0.0, 280.0]"
1551189628621854768,,613,,1551189628,621464199,"""cf1/base_link""","[0.0, 0.0, 0.0, 0.0, 0.0, 267.0]"
1551189628635975537,,614,,1551189628,635595599,"""cf1/base_link""","[0.0, 0.0, 0.0, 0.0, 0.0, 267.0]"
1551189628650141335,,615,,1551189628,649795028,"""cf1/base_link""","[0.0, 0.0, 0.0, 0.0, 0.0, 252.0]"
1551189628672099254,,616,,1551189628,671703523,"""cf1/base_link""","[0.0, 0.0, 0.0, 0.0, 0.0, 252.0]"
1551189628690622970,,617,,1551189628,690278322,"""cf1/base_link""","[0.0, 0.0, 0.0, 0.0, 0.0, 243.0]"
1551189628710647222,,618,,1551189628,710280365,"""cf1/base_link""","[0.0, 0.0, 0.0, 0.0, 0.0, 235.0]"
1551189628728822151,,619,,1551189628,728448439,"""cf1/base_link""","[0.0, 0.0, 0.0, 0.0, 0.0, 235.0]"
1551189628755565985,,620,,1551189628,755213622,"""cf1/base_link""","[0.0, 0.0, 0.0, 0.0, 0.0, 230.0]"
1551189628771571935,,621,,1551189628,771215297,"""cf1/base_link""","[0.0, 0.0, 0.0, 0.0, 0.0, 230.0]"
1551189628789630257,,622,,1551189628,789322400,"""cf1/base_link""","[0.0, 0.0, 0.0, 0.0, 0.0, 234.0]"
1551189628808014492,,623,,1551189628,807602585,"""cf1/base_link""","[0.0, 0.0, 0.0, 0.0, 0.0, 225.0]"
1551189628827973101,,624,,1551189628,827571136,"""cf1/base_link""","[0.0, 0.0, 0.0, 0.0, 0.0, 225.0]"
1551189628848207473,,625,,1551189628,847871076,"""cf1/base_link""","[0.0, 0.0, 0.0, 0.0, 0.0, 236.0]"
1551189628879093746,,626,,1551189628,878671705,"""cf1/base_link""","[0.0, 0.0, 0.0, 0.0, 0.0, 236.0]"
1551189628893467329,,627,,1551189628,893102010,"""cf1/base_link""","[0.0, 0.0, 0.0, 0.0, 0.0, 234.0]"
1551189628914044199,,628,,1551189628,913647677,"""cf1/base_link""","[0.0, 0.0, 0.0, 0.0, 0.0, 244.0]"
1551189628928386460,,629,,1551189628,928029194,"""cf1/base_link""","[0.0, 0.0, 0.0, 0.0, 0.0, 244.0]"
1551189628948610302,,630,,1551189628,948222747,"""cf1/base_link""","[0.0, 0.0, 0.0, 0.0, 0.0, 257.0]"
1551189628968713879,,631,,1551189628,968348020,"""cf1/base_link""","[0.0, 0.0, 0.0, 0.0, 0.0, 257.0]"
1551189628988929607,,632,,1551189628,988573472,"""cf1/base_link""","[0.0, 0.0, 0.0, 0.0, 0.0, 278.0]"
1551189629011280568,,633,,1551189629,10921324,"""cf1/base_link""","[0.0, 0.0, 0.0, 0.0, 0.0, 285.0]"
1551189629029472490,,634,,1551189629,29131245,"""cf1/base_link""","[0.0, 0.0, 0.0, 0.0, 0.0, 285.0]"
1551189629049628070,,635,,1551189629,49258214,"""cf1/base_link""","[0.0, 0.0, 0.0, 0.0, 0.0, 308.0]"
1551189629067688933,,636,,1551189629,67331867,"""cf1/base_link""","[0.0, 0.0, 0.0, 0.0, 0.0, 308.0]"
1551189629089974393,,637,,1551189629,89606470,"""cf1/base_link""","[0.0, 0.0, 0.0, 0.0, 0.0, 321.0]"
1551189629110235972,,638,,1551189629,109902697,"""cf1/base_link""","[0.0, 0.0, 0.0, 0.0, 0.0, 348.0]"
1551189629128438021,,639,,1551189629,128049570,"""cf1/base_link""","[0.0, 0.0, 0.0, 0.0, 0.0, 348.0]"
1551189629151024859,,640,,1551189629,150648619,"""cf1/base_link""","[0.0, 0.0, 0.0, 0.0, 0.0, 367.0]"
1551189629169282849,,641,,1551189629,168892761,"""cf1/base_link""","[0.0, 0.0, 0.0, 0.0, 0.0, 386.0]"
1551189629187725700,,642,,1551189629,187309882,"""cf1/base_link""","[0.0, 0.0, 0.0, 0.0, 0.0, 386.0]"
1551189629207590317,,643,,1551189629,207218143,"""cf1/base_link""","[0.0, 0.0, 0.0, 0.0, 0.0, 404.0]"
1551189629227403032,,644,,1551189629,227036240,"""cf1/base_link""","[0.0, 0.0, 0.0, 0.0, 0.0, 404.0]"
1551189629247560107,,645,,1551189629,247186322,"""cf1/base_link""","[0.0, 0.0, 0.0, 0.0, 0.0, 432.0]"
1551189629272194240,,646,,1551189629,271845661,"""cf1/base_link""","[0.0, 0.0, 0.0, 0.0, 0.0, 446.0]"
1551189629288496686,,647,,1551189629,288139795,"""cf1/base_link""","[0.0, 0.0, 0.0, 0.0, 0.0, 446.0]"
1551189629306630279,,648,,1551189629,306288197,"""cf1/base_link""","[0.0, 0.0, 0.0, 0.0, 0.0, 481.0]"
1551189629326689382,,649,,1551189629,326332836,"""cf1/base_link""","[0.0, 0.0, 0.0, 0.0, 0.0, 481.0]"
1551189629349151959,,650,,1551189629,348800213,"""cf1/base_link""","[0.0, 0.0, 0.0, 0.0, 0.0, 497.0]"
1551189629367099027,,651,,1551189629,366805650,"""cf1/base_link""","[0.0, 0.0, 0.0, 0.0, 0.0, 528.0]"
1551189629387255289,,652,,1551189629,386881078,"""cf1/base_link""","[0.0, 0.0, 0.0, 0.0, 0.0, 528.0]"
1551189629411958787,,653,,1551189629,411547137,"""cf1/base_link""","[0.0, 0.0, 0.0, 0.0, 0.0, 544.0]"
1551189629428367593,,654,,1551189629,427975791,"""cf1/base_link""","[0.0, 0.0, 0.0, 0.0, 0.0, 544.0]"
1551189629446666566,,655,,1551189629,446286237,"""cf1/base_link""","[0.0, 0.0, 0.0, 0.0, 0.0, 568.0]"
1551189629466813825,,656,,1551189629,466466308,"""cf1/base_link""","[0.0, 0.0, 0.0, 0.0, 0.0, 575.0]"
1551189629486792241,,657,,1551189629,486444718,"""cf1/base_link""","[0.0, 0.0, 0.0, 0.0, 0.0, 575.0]"
1551189629506628769,,658,,1551189629,506254802,"""cf1/base_link""","[0.0, 0.0, 0.0, 0.0, 0.0, 624.0]"
1551189629529058521,,659,,1551189629,528701391,"""cf1/base_link""","[0.0, 0.0, 0.0, 0.0, 0.0, 624.0]"
1551189629547275111,,660,,1551189629,546893452,"""cf1/base_link""","[0.0, 0.0, 0.0, 0.0, 0.0, 630.0]"
1551189629565244087,,661,,1551189629,564861456,"""cf1/base_link""","[0.0, 0.0, 0.0, 0.0, 0.0, 656.0]"
1551189629587582780,,662,,1551189629,587196176,"""cf1/base_link""","[0.0, 0.0, 0.0, 0.0, 0.0, 656.0]"
1551189629605616973,,663,,1551189629,605287525,"""cf1/base_link""","[0.0, 0.0, 0.0, 0.0, 0.0, 677.0]"
1551189629627604175,,664,,1551189629,627295227,"""cf1/base_link""","[0.0, 0.0, 0.0, 0.0, 0.0, 677.0]"
1551189629645902609,,665,,1551189629,645553058,"""cf1/base_link""","[0.0, 0.0, 0.0, 0.0, 0.0, 699.0]"
1551189629668554404,,666,,1551189629,668171717,"""cf1/base_link""","[0.0, 0.0, 0.0, 0.0, 0.0, 702.0]"
1551189629686817792,,667,,1551189629,686425264,"""cf1/base_link""","[0.0, 0.0, 0.0, 0.0, 0.0, 702.0]"
1551189629704880746,,668,,1551189629,704520136,"""cf1/base_link""","[0.0, 0.0, 0.0, 0.0, 0.0, 742.0]"
1551189629724772650,,669,,1551189629,724418710,"""cf1/base_link""","[0.0, 0.0, 0.0, 0.0, 0.0, 742.0]"
1551189629744720788,,670,,1551189629,744376503,"""cf1/base_link""","[0.0, 0.0, 0.0, 0.0, 0.0, 749.0]"
1551189629766926772,,671,,1551189629,766576221,"""cf1/base_link""","[0.0, 0.0, 0.0, 0.0, 0.0, 758.0]"
1551189629791888695,,672,,1551189629,791463014,"""cf1/base_link""","[0.0, 0.0, 0.0, 0.0, 0.0, 758.0]"
1551189629810354603,,673,,1551189629,809984415,"""cf1/base_link""","[0.0, 0.0, 0.0, 0.0, 0.0, 773.0]"
1551189629839393194,,674,,1551189629,839022959,"""cf1/base_link""","[0.0, 0.0, 0.0, 0.0, 0.0, 764.0]"
1551189629855808746,,675,,1551189629,855413372,"""cf1/base_link""","[0.0, 0.0, 0.0, 0.0, 0.0, 764.0]"
1551189629870083780,,676,,1551189629,869689966,"""cf1/base_link""","[0.0, 0.0, 0.0, 0.0, 0.0, 781.0]"
1551189629888247833,,677,,1551189629,887833167,"""cf1/base_link""","[0.0, 0.0, 0.0, 0.0, 0.0, 781.0]"
1551189629904279918,,678,,1551189629,903822700,"""cf1/base_link""","[0.0, 0.0, 0.0, 0.0, 0.0, 785.0]"
1551189629937074302,,679,,1551189629,936684876,"""cf1/base_link""","[0.0, 0.0, 0.0, 0.0, 0.0, 773.0]"
1551189629959708166,,680,,1551189629,959332504,"""cf1/base_link""","[0.0, 0.0, 0.0, 0.0, 0.0, 773.0]"
1551189629973723181,,681,,1551189629,973360938,"""cf1/base_link""","[0.0, 0.0, 0.0, 0.0, 0.0, 762.0]"
1551189629988017960,,682,,1551189629,987660403,"""cf1/base_link""","[0.0, 0.0, 0.0, 0.0, 0.0, 762.0]"
1551189630004094237,,683,,1551189630,3684592,"""cf1/base_link""","[0.0, 0.0, 0.0, 0.0, 0.0, 772.0]"
1551189630023712722,,684,,1551189630,23350691,"""cf1/base_link""","[0.0, 0.0, 0.0, 0.0, 0.0, 753.0]"
1551189630056475128,,685,,1551189630,56092324,"""cf1/base_link""","[0.0, 0.0, 0.0, 0.0, 0.0, 753.0]"
1551189630089637332,,686,,1551189630,89259349,"""cf1/base_link""","[0.0, 0.0, 0.0, 0.0, 0.0, 721.0]"
1551189630103775378,,687,,1551189630,103414509,"""cf1/base_link""","[0.0, 0.0, 0.0, 0.0, 0.0, 721.0]"
1551189630118025129,,688,,1551189630,117669251,"""cf1/base_link""","[0.0, 0.0, 0.0, 0.0, 0.0, 741.0]"
1551189630138223826,,689,,1551189630,137829422,"""cf1/base_link""","[0.0, 0.0, 0.0, 0.0, 0.0, 710.0]"
1551189630152577007,,690,,1551189630,152186205,"""cf1/base_link""","[0.0, 0.0, 0.0, 0.0, 0.0, 710.0]"
1551189630166784399,,691,,1551189630,166409124,"""cf1/base_link""","[0.0, 0.0, 0.0, 0.0, 0.0, 672.0]"
1551189630195725979,,692,,1551189630,195339836,"""cf1/base_link""","[0.0, 0.0, 0.0, 0.0, 0.0, 672.0]"
1551189630211720739,,693,,1551189630,211457522,"""cf1/base_link""","[0.0, 0.0, 0.0, 0.0, 0.0, 666.0]"
1551189630229809283,,694,,1551189630,229500572,"""cf1/base_link""","[0.0, 0.0, 0.0, 0.0, 0.0, 648.0]"
1551189630246070309,,695,,1551189630,245688545,"""cf1/base_link""","[0.0, 0.0, 0.0, 0.0, 0.0, 648.0]"
1551189630264265885,,696,,1551189630,263872137,"""cf1/base_link""","[0.0, 0.0, 0.0, 0.0, 0.0, 647.0]"
1551189630284234135,,697,,1551189630,283848908,"""cf1/base_link""","[0.0, 0.0, 0.0, 0.0, 0.0, 647.0]"
1551189630312876599,,698,,1551189630,312509764,"""cf1/base_link""","[0.0, 0.0, 0.0, 0.0, 0.0, 622.0]"
1551189630327264440,,699,,1551189630,326866986,"""cf1/base_link""","[0.0, 0.0, 0.0, 0.0, 0.0, 606.0]"
1551189630345760082,,700,,1551189630,345376181,"""cf1/base_link""","[0.0, 0.0, 0.0, 0.0, 0.0, 606.0]"
1551189630364098173,,701,,1551189630,363682165,"""cf1/base_link""","[0.0, 0.0, 0.0, 0.0, 0.0, 574.0]"
1551189630382368050,,702,,1551189630,382010911,"""cf1/base_link""","[0.0, 0.0, 0.0, 0.0, 0.0, 574.0]"
1551189630402648003,,703,,1551189630,402328629,"""cf1/base_link""","[0.0, 0.0, 0.0, 0.0, 0.0, 566.0]"
1551189630423205400,,704,,1551189630,422846402,"""cf1/base_link""","[0.0, 0.0, 0.0, 0.0, 0.0, 552.0]"
1551189630446198936,,705,,1551189630,445886463,"""cf1/base_link""","[0.0, 0.0, 0.0, 0.0, 0.0, 552.0]"
1551189630462669937,,706,,1551189630,462340946,"""cf1/base_link""","[0.0, 0.0, 0.0, 0.0, 0.0, 517.0]"
1551189630482887042,,707,,1551189630,482529105,"""cf1/base_link""","[0.0, 0.0, 0.0, 0.0, 0.0, 499.0]"
1551189630513965445,,708,,1551189630,513659733,"""cf1/base_link""","[0.0, 0.0, 0.0, 0.0, 0.0, 499.0]"
1551189630528518788,,709,,1551189630,528153209,"""cf1/base_link""","[0.0, 0.0, 0.0, 0.0, 0.0, 485.0]"
1551189630545278882,,710,,1551189630,544870736,"""cf1/base_link""","[0.0, 0.0, 0.0, 0.0, 0.0, 485.0]"
1551189630574269082,,711,,1551189630,573885274,"""cf1/base_link""","[0.0, 0.0, 0.0, 0.0, 0.0, 451.0]"
1551189630588646157,,712,,1551189630,588318241,"""cf1/base_link""","[0.0, 0.0, 0.0, 0.0, 0.0, 430.0]"
1551189630603220603,,713,,1551189630,602868050,"""cf1/base_link""","[0.0, 0.0, 0.0, 0.0, 0.0, 430.0]"
1551189630623386088,,714,,1551189630,623066926,"""cf1/base_link""","[0.0, 0.0, 0.0, 0.0, 0.0, 412.0]"
1551189630641892804,,715,,1551189630,641502470,"""cf1/base_link""","[0.0, 0.0, 0.0, 0.0, 0.0, 412.0]"
1551189630662321222,,716,,1551189630,661932129,"""cf1/base_link""","[0.0, 0.0, 0.0, 0.0, 0.0, 373.0]"
1551189630686703732,,717,,1551189630,686352133,"""cf1/base_link""","[0.0, 0.0, 0.0, 0.0, 0.0, 363.0]"
1551189630711542285,,718,,1551189630,711156057,"""cf1/base_link""","[0.0, 0.0, 0.0, 0.0, 0.0, 363.0]"
1551189630728108146,,719,,1551189630,727690119,"""cf1/base_link""","[0.0, 0.0, 0.0, 0.0, 0.0, 338.0]"
1551189630742359644,,720,,1551189630,742026081,"""cf1/base_link""","[0.0, 0.0, 0.0, 0.0, 0.0, 338.0]"
1551189630762920262,,721,,1551189630,762572332,"""cf1/base_link""","[0.0, 0.0, 0.0, 0.0, 0.0, 322.0]"
1551189630782991590,,722,,1551189630,782655956,"""cf1/base_link""","[0.0, 0.0, 0.0, 0.0, 0.0, 304.0]"
1551189630800916429,,723,,1551189630,800548373,"""cf1/base_link""","[0.0, 0.0, 0.0, 0.0, 0.0, 304.0]"
1551189630829723074,,724,,1551189630,829368827,"""cf1/base_link""","[0.0, 0.0, 0.0, 0.0, 0.0, 284.0]"
1551189630844189167,,725,,1551189630,843825227,"""cf1/base_link""","[0.0, 0.0, 0.0, 0.0, 0.0, 284.0]"
1551189630862904114,,726,,1551189630,862538714,"""cf1/base_link""","[0.0, 0.0, 0.0, 0.0, 0.0, 275.0]"
1551189630880978858,,727,,1551189630,880594973,"""cf1/base_link""","[0.0, 0.0, 0.0, 0.0, 0.0, 260.0]"
1551189630901583511,,728,,1551189630,901202228,"""cf1/base_link""","[0.0, 0.0, 0.0, 0.0, 0.0, 260.0]"
1551189630921999047,,729,,1551189630,921612149,"""cf1/base_link""","[0.0, 0.0, 0.0, 0.0, 0.0, 252.0]"
1551189630942560066,,730,,1551189630,942179274,"""cf1/base_link""","[0.0, 0.0, 0.0, 0.0, 0.0, 252.0]"
1551189630965421334,,731,,1551189630,965024746,"""cf1/base_link""","[0.0, 0.0, 0.0, 0.0, 0.0, 244.0]"
1551189630981525259,,732,,1551189630,981207834,"""cf1/base_link""","[0.0, 0.0, 0.0, 0.0, 0.0, 242.0]"
1551189631001699487,,733,,1551189631,1336250,"""cf1/base_link""","[0.0, 0.0, 0.0, 0.0, 0.0, 242.0]"
1551189631021598171,,734,,1551189631,21218435,"""cf1/base_link""","[0.0, 0.0, 0.0, 0.0, 0.0, 239.0]"
1551189631043307733,,735,,1551189631,43048477,"""cf1/base_link""","[0.0, 0.0, 0.0, 0.0, 0.0, 239.0]"
1551189631061290136,,736,,1551189631,60943384,"""cf1/base_link""","[0.0, 0.0, 0.0, 0.0, 0.0, 239.0]"
1551189631088172262,,737,,1551189631,87764233,"""cf1/base_link""","[0.0, 0.0, 0.0, 0.0, 0.0, 237.0]"
1551189631106823580,,738,,1551189631,106437644,"""cf1/base_link""","[0.0, 0.0, 0.0, 0.0, 0.0, 237.0]"
1551189631125417137,,739,,1551189631,125020878,"""cf1/base_link""","[0.0, 0.0, 0.0, 0.0, 0.0, 240.0]"
1551189631163619694,,740,,1551189631,163235826,"""cf1/base_link""","[0.0, 0.0, 0.0, 0.0, 0.0, 244.0]"
1551189631178204063,,741,,1551189631,177810234,"""cf1/base_link""","[0.0, 0.0, 0.0, 0.0, 0.0, 244.0]"
1551189631194774964,,742,,1551189631,194389687,"""cf1/base_link""","[0.0, 0.0, 0.0, 0.0, 0.0, 257.0]"
1551189631221941458,,743,,1551189631,221586469,"""cf1/base_link""","[0.0, 0.0, 0.0, 0.0, 0.0, 257.0]"
1551189631236428637,,744,,1551189631,236034131,"""cf1/base_link""","[0.0, 0.0, 0.0, 0.0, 0.0, 265.0]"
1551189631250843262,,745,,1551189631,250457084,"""cf1/base_link""","[0.0, 0.0, 0.0, 0.0, 0.0, 272.0]"
1551189631267298247,,746,,1551189631,266910187,"""cf1/base_link""","[0.0, 0.0, 0.0, 0.0, 0.0, 272.0]"
1551189631283742864,,747,,1551189631,283377310,"""cf1/base_link""","[0.0, 0.0, 0.0, 0.0, 0.0, 285.0]"
1551189631299928002,,748,,1551189631,299514078,"""cf1/base_link""","[0.0, 0.0, 0.0, 0.0, 0.0, 285.0]"
1551189631322236913,,749,,1551189631,321898813,"""cf1/base_link""","[0.0, 0.0, 0.0, 0.0, 0.0, 304.0]"
1551189631351019281,,750,,1551189631,350647035,"""cf1/base_link""","[0.0, 0.0, 0.0, 0.0, 0.0, 326.0]"
1551189631369590152,,751,,1551189631,369314341,"""cf1/base_link""","[0.0, 0.0, 0.0, 0.0, 0.0, 326.0]"
1551189631384230232,,752,,1551189631,383844580,"""cf1/base_link""","[0.0, 0.0, 0.0, 0.0, 0.0, 338.0]"
1551189631400686477,,753,,1551189631,400337213,"""cf1/base_link""","[0.0, 0.0, 0.0, 0.0, 0.0, 338.0]"
1551189631420584728,,754,,1551189631,420234093,"""cf1/base_link""","[0.0, 0.0, 0.0, 0.0, 0.0, 354.0]"
1551189631440761375,,755,,1551189631,440426241,"""cf1/base_link""","[0.0, 0.0, 0.0, 0.0, 0.0, 380.0]"
1551189631459026711,,756,,1551189631,458665922,"""cf1/base_link""","[0.0, 0.0, 0.0, 0.0, 0.0, 380.0]"
1551189631486320345,,757,,1551189631,485966558,"""cf1/base_link""","[0.0, 0.0, 0.0, 0.0, 0.0, 393.0]"
1551189631515568004,,758,,1551189631,515230502,"""cf1/base_link""","[0.0, 0.0, 0.0, 0.0, 0.0, 393.0]"
1551189631538616328,,759,,1551189631,538269455,"""cf1/base_link""","[0.0, 0.0, 0.0, 0.0, 0.0, 421.0]"
1551189631555148865,,760,,1551189631,554775922,"""cf1/base_link""","[0.0, 0.0, 0.0, 0.0, 0.0, 442.0]"
1551189631569650858,,761,,1551189631,569239286,"""cf1/base_link""","[0.0, 0.0, 0.0, 0.0, 0.0, 442.0]"
1551189631589970194,,762,,1551189631,589601508,"""cf1/base_link""","[0.0, 0.0, 0.0, 0.0, 0.0, 468.0]"
1551189631615291931,,763,,1551189631,614932437,"""cf1/base_link""","[0.0, 0.0, 0.0, 0.0, 0.0, 468.0]"
1551189631629559482,,764,,1551189631,629208012,"""cf1/base_link""","[0.0, 0.0, 0.0, 0.0, 0.0, 488.0]"
1551189631643932183,,765,,1551189631,643531415,"""cf1/base_link""","[0.0, 0.0, 0.0, 0.0, 0.0, 510.0]"
1551189631666567138,,766,,1551189631,666206996,"""cf1/base_link""","[0.0, 0.0, 0.0, 0.0, 0.0, 510.0]"
1551189631682920567,,767,,1551189631,682563736,"""cf1/base_link""","[0.0, 0.0, 0.0, 0.0, 0.0, 541.0]"
1551189631699258750,,768,,1551189631,698945944,"""cf1/base_link""","[0.0, 0.0, 0.0, 0.0, 0.0, 541.0]"
1551189631717717668,,769,,1551189631,717323053,"""cf1/base_link""","[0.0, 0.0, 0.0, 0.0, 0.0, 556.0]"
1551189631744363261,,770,,1551189631,743993084,"""cf1/base_link""","[0.0, 0.0, 0.0, 0.0, 0.0, 566.0]"
1551189631758908692,,771,,1551189631,758555914,"""cf1/base_link""","[0.0, 0.0, 0.0, 0.0, 0.0, 566.0]"
1551189631779157536,,772,,1551189631,778802923,"""cf1/base_link""","[0.0, 0.0, 0.0, 0.0, 0.0, 593.0]"
1551189631799370000,,773,,1551189631,799113260,"""cf1/base_link""","[0.0, 0.0, 0.0, 0.0, 0.0, 612.0]"
1551189631821893426,,774,,1551189631,821501281,"""cf1/base_link""","[0.0, 0.0, 0.0, 0.0, 0.0, 612.0]"
1551189631838431946,,775,,1551189631,838039891,"""cf1/base_link""","[0.0, 0.0, 0.0, 0.0, 0.0, 633.0]"
1551189631867464555,,776,,1551189631,867131293,"""cf1/base_link""","[0.0, 0.0, 0.0, 0.0, 0.0, 633.0]"
1551189631883864099,,777,,1551189631,883511829,"""cf1/base_link""","[0.0, 0.0, 0.0, 0.0, 0.0, 673.0]"
1551189631898473777,,778,,1551189631,898114308,"""cf1/base_link""","[0.0, 0.0, 0.0, 0.0, 0.0, 725.0]"
1551189631918945992,,779,,1551189631,918549784,"""cf1/base_link""","[0.0, 0.0, 0.0, 0.0, 0.0, 725.0]"
1551189631937414493,,780,,1551189631,936969622,"""cf1/base_link""","[0.0, 0.0, 0.0, 0.0, 0.0, 726.0]"
1551189631957774883,,781,,1551189631,957436742,"""cf1/base_link""","[0.0, 0.0, 0.0, 0.0, 0.0, 726.0]"
1551189631977977844,,782,,1551189631,977618767,"""cf1/base_link""","[0.0, 0.0, 0.0, 0.0, 0.0, 745.0]"
1551189632002858796,,783,,1551189632,2507048,"""cf1/base_link""","[0.0, 0.0, 0.0, 0.0, 0.0, 745.0]"
1551189632020942959,,784,,1551189632,20629854,"""cf1/base_link""","[0.0, 0.0, 0.0, 0.0, 0.0, 745.0]"
1551189632037265157,,785,,1551189632,36933506,"""cf1/base_link""","[0.0, 0.0, 0.0, 0.0, 0.0, 613.0]"
1551189632057671047,,786,,1551189632,57284816,"""cf1/base_link""","[0.0, 0.0, 0.0, 0.0, 0.0, 613.0]"
1551189632077831794,,787,,1551189632,77510696,"""cf1/base_link""","[0.0, 0.0, 0.0, 0.0, 0.0, 552.0]"
1551189632098490456,,788,,1551189632,98076857,"""cf1/base_link""","[0.0, 0.0, 0.0, 0.0, 0.0, 510.0]"
1551189632116718337,,789,,1551189632,116365578,"""cf1/base_link""","[0.0, 0.0, 0.0, 0.0, 0.0, 510.0]"
1551189632143735200,,790,,1551189632,143386132,"""cf1/base_link""","[0.0, 0.0, 0.0, 0.0, 0.0, 480.0]"
1551189632158235002,,791,,1551189632,157905976,"""cf1/base_link""","[0.0, 0.0, 0.0, 0.0, 0.0, 480.0]"
1551189632176730078,,792,,1551189632,176398628,"""cf1/base_link""","[0.0, 0.0, 0.0, 0.0, 0.0, 476.0]"
1551189632199141070,,793,,1551189632,198754474,"""cf1/base_link""","[0.0, 0.0, 0.0, 0.0, 0.0, 461.0]"
1551189632217385476,,794,,1551189632,217008909,"""cf1/base_link""","[0.0, 0.0, 0.0, 0.0, 0.0, 461.0]"
1551189632237517160,,795,,1551189632,237116341,"""cf1/base_link""","[0.0, 0.0, 0.0, 0.0, 0.0, 472.0]"
1551189632268104631,,796,,1551189632,267744828,"""cf1/base_link""","[0.0, 0.0, 0.0, 0.0, 0.0, 472.0]"
1551189632282320823,,797,,1551189632,281961929,"""cf1/base_link""","[0.0, 0.0, 0.0, 0.0, 0.0, 464.0]"
1551189632296745037,,798,,1551189632,296360547,"""cf1/base_link""","[0.0, 0.0, 0.0, 0.0, 0.0, 497.0]"
1551189632317106328,,799,,1551189632,316719863,"""cf1/base_link""","[0.0, 0.0, 0.0, 0.0, 0.0, 497.0]"
1551189632337380005,,800,,1551189632,337009782,"""cf1/base_link""","[0.0, 0.0, 0.0, 0.0, 0.0, 551.0]"
1551189632357494000,,801,,1551189632,357120586,"""cf1/base_link""","[0.0, 0.0, 0.0, 0.0, 0.0, 551.0]"
1551189632377765003,,802,,1551189632,377422735,"""cf1/base_link""","[0.0, 0.0, 0.0, 0.0, 0.0, 537.0]"
1551189632400685826,,803,,1551189632,400355679,"""cf1/base_link""","[0.0, 0.0, 0.0, 0.0, 0.0, 472.0]"
1551189632419340405,,804,,1551189632,418991592,"""cf1/base_link""","[0.0, 0.0, 0.0, 0.0, 0.0, 472.0]"
1551189632437854881,,805,,1551189632,437463811,"""cf1/base_link""","[0.0, 0.0, 0.0, 0.0, 0.0, 413.0]"
1551189632458158157,,806,,1551189632,457796196,"""cf1/base_link""","[0.0, 0.0, 0.0, 0.0, 0.0, 334.0]"
1551189632478548378,,807,,1551189632,478161681,"""cf1/base_link""","[0.0, 0.0, 0.0, 0.0, 0.0, 334.0]"
1551189632498660646,,808,,1551189632,498310179,"""cf1/base_link""","[0.0, 0.0, 0.0, 0.0, 0.0, 288.0]"
1551189632523132708,,809,,1551189632,522735262,"""cf1/base_link""","[0.0, 0.0, 0.0, 0.0, 0.0, 288.0]"
1551189632539238053,,810,,1551189632,538888271,"""cf1/base_link""","[0.0, 0.0, 0.0, 0.0, 0.0, 275.0]"
1551189632556887968,,811,,1551189632,556576110,"""cf1/base_link""","[0.0, 0.0, 0.0, 0.0, 0.0, 272.0]"
1551189632576982935,,812,,1551189632,576623210,"""cf1/base_link""","[0.0, 0.0, 0.0, 0.0, 0.0, 272.0]"
1551189632597270474,,813,,1551189632,596880741,"""cf1/base_link""","[0.0, 0.0, 0.0, 0.0, 0.0, 195.0]"
1551189632615397789,,814,,1551189632,615013909,"""cf1/base_link""","[0.0, 0.0, 0.0, 0.0, 0.0, 195.0]"
1551189632635251257,,815,,1551189632,634885289,"""cf1/base_link""","[0.0, 0.0, 0.0, 0.0, 0.0, 137.0]"
1551189632659999388,,816,,1551189632,659585449,"""cf1/base_link""","[0.0, 0.0, 0.0, 0.0, 0.0, 110.0]"
1551189632678304450,,817,,1551189632,677902893,"""cf1/base_link""","[0.0, 0.0, 0.0, 0.0, 0.0, 110.0]"
1551189632698708562,,818,,1551189632,698348506,"""cf1/base_link""","[0.0, 0.0, 0.0, 0.0, 0.0, 75.0]"
1551189632714864140,,819,,1551189632,714481240,"""cf1/base_link""","[0.0, 0.0, 0.0, 0.0, 0.0, 75.0]"
1551189632734765958,,820,,1551189632,734396348,"""cf1/base_link""","[0.0, 0.0, 0.0, 0.0, 0.0, 88.0]"
1551189632754702776,,821,,1551189632,754355124,"""cf1/base_link""","[0.0, 0.0, 0.0, 0.0, 0.0, 114.0]"
1551189632787326595,,822,,1551189632,786958769,"""cf1/base_link""","[0.0, 0.0, 0.0, 0.0, 0.0, 114.0]"
1551189632803634902,,823,,1551189632,803300540,"""cf1/base_link""","[0.0, 0.0, 0.0, 0.0, 0.0, 149.0]"
1551189632817909990,,824,,1551189632,817556669,"""cf1/base_link""","[0.0, 0.0, 0.0, 0.0, 0.0, 149.0]"
1551189632835930104,,825,,1551189632,835552761,"""cf1/base_link""","[0.0, 0.0, 0.0, 0.0, 0.0, 154.0]"
1551189632856003380,,826,,1551189632,855600903,"""cf1/base_link""","[0.0, 0.0, 0.0, 0.0, 0.0, 89.0]"
1551189632876400379,,827,,1551189632,876030109,"""cf1/base_link""","[0.0, 0.0, 0.0, 0.0, 0.0, 89.0]"
1551189632894641420,,828,,1551189632,894282338,"""cf1/base_link""","[0.0, 0.0, 0.0, 0.0, 0.0, 70.0]"
1551189632916844198,,829,,1551189632,916481068,"""cf1/base_link""","[0.0, 0.0, 0.0, 0.0, 0.0, 70.0]"
1551189632937200480,,830,,1551189632,936917624,"""cf1/base_link""","[0.0, 0.0, 0.0, 0.0, 0.0, 67.0]"
1551189632955692209,,831,,1551189632,955305259,"""cf1/base_link""","[0.0, 0.0, 0.0, 0.0, 0.0, 51.0]"
1551189632973994609,,832,,1551189632,973606594,"""cf1/base_link""","[0.0, 0.0, 0.0, 0.0, 0.0, 51.0]"
1551189632994293561,,833,,1551189632,993920666,"""cf1/base_link""","[0.0, 0.0, 0.0, 0.0, 0.0, 71.0]"
1551189633014502783,,834,,1551189633,14136159,"""cf1/base_link""","[0.0, 0.0, 0.0, 0.0, 0.0, 71.0]"
1551189633043239668,,835,,1551189633,42921233,"""cf1/base_link""","[0.0, 0.0, 0.0, 0.0, 0.0, 72.0]"
1551189633057387363,,836,,1551189633,57032014,"""cf1/base_link""","[0.0, 0.0, 0.0, 0.0, 0.0, 77.0]"
1551189633075733973,,837,,1551189633,75388818,"""cf1/base_link""","[0.0, 0.0, 0.0, 0.0, 0.0, 77.0]"
1551189633093725145,,838,,1551189633,93361603,"""cf1/base_link""","[0.0, 0.0, 0.0, 0.0, 0.0, 86.0]"
1551189633114043329,,839,,1551189633,113664089,"""cf1/base_link""","[0.0, 0.0, 0.0, 0.0, 0.0, 56.0]"
1551189633133812781,,840,,1551189633,133451238,"""cf1/base_link""","[0.0, 0.0, 0.0, 0.0, 0.0, 56.0]"
1551189633153650123,,841,,1551189633,153293817,"""cf1/base_link""","[0.0, 0.0, 0.0, 0.0, 0.0, 15.0]"
1551189633180153733,,842,,1551189633,179801753,"""cf1/base_link""","[0.0, 0.0, 0.0, 0.0, 0.0, 15.0]"
1551189633196557932,,843,,1551189633,196244265,"""cf1/base_link""","[0.0, 0.0, 0.0, 0.0, 0.0, 26.0]"
1551189633214725158,,844,,1551189633,214366215,"""cf1/base_link""","[0.0, 0.0, 0.0, 0.0, 0.0, 26.0]"
1551189633232937135,,845,,1551189633,232558234,"""cf1/base_link""","[0.0, 0.0, 0.0, 0.0, 0.0, 26.0]"
1551189633254714510,,846,,1551189633,254363128,"""cf1/base_link""","[0.0, 0.0, 0.0, 0.0, 0.0, 23.0]"
1551189633276930199,,847,,1551189633,276578758,"""cf1/base_link""","[0.0, 0.0, 0.0, 0.0, 0.0, 23.0]"
1551189633305862932,,848,,1551189633,305511730,"""cf1/base_link""","[0.0, 0.0, 0.0, 0.0, 0.0, 17.0]"
1551189633324073538,,849,,1551189633,323694775,"""cf1/base_link""","[0.0, 0.0, 0.0, 0.0, 0.0, 0.0]"
1551189633344652908,,850,,1551189633,344267516,"""cf1/base_link""","[0.0, 0.0, 0.0, 0.0, 0.0, 0.0]"
1551189633359052821,,851,,1551189633,358645994,"""cf1/base_link""","[0.0, 0.0, 0.0, 0.0, 0.0, 19.0]"
1551189633375418580,,852,,1551189633,375065854,"""cf1/base_link""","[0.0, 0.0, 0.0, 0.0, 0.0, 19.0]"
1551189633393712408,,853,,1551189633,393328797,"""cf1/base_link""","[0.0, 0.0, 0.0, 0.0, 0.0, 8.0]"
1551189633413772266,,854,,1551189633,413378589,"""cf1/base_link""","[0.0, 0.0, 0.0, 0.0, 0.0, 23.0]"
1551189633438783494,,855,,1551189633,438363257,"""cf1/base_link""","[0.0, 0.0, 0.0, 0.0, 0.0, 23.0]"
1551189633453143502,,856,,1551189633,452774474,"""cf1/base_link""","[0.0, 0.0, 0.0, 0.0, 0.0, 17.0]"
1551189633473774184,,857,,1551189633,473417167,"""cf1/base_link""","[0.0, 0.0, 0.0, 0.0, 0.0, 17.0]"
1551189633492519941,,858,,1551189633,492139762,"""cf1/base_link""","[0.0, 0.0, 0.0, 0.0, 0.0, 6.0]"
1551189633512687320,,859,,1551189633,512377994,"""cf1/base_link""","[0.0, 0.0, 0.0, 0.0, 0.0, 11.0]"
1551189633536684994,,860,,1551189633,536325068,"""cf1/base_link""","[0.0, 0.0, 0.0, 0.0, 0.0, 11.0]"
1551189633563332727,,861,,1551189633,562948058,"""cf1/base_link""","[0.0, 0.0, 0.0, 0.0, 0.0, 28.0]"
1551189633579244889,,862,,1551189633,578888421,"""cf1/base_link""","[0.0, 0.0, 0.0, 0.0, 0.0, 28.0]"
1551189633593455439,,863,,1551189633,593085252,"""cf1/base_link""","[0.0, 0.0, 0.0, 0.0, 0.0, 42.0]"
1551189633615539401,,864,,1551189633,615172487,"""cf1/base_link""","[0.0, 0.0, 0.0, 0.0, 0.0, 70.0]"
1551189633633831487,,865,,1551189633,633483734,"""cf1/base_link""","[0.0, 0.0, 0.0, 0.0, 0.0, 70.0]"
1551189633656434539,,866,,1551189633,656040746,"""cf1/base_link""","[0.0, 0.0, 0.0, 0.0, 0.0, 131.0]"
1551189633672755626,,867,,1551189633,672346936,"""cf1/base_link""","[0.0, 0.0, 0.0, 0.0, 0.0, 131.0]"
1551189633697608803,,868,,1551189633,697225060,"""cf1/base_link""","[0.0, 0.0, 0.0, 0.0, 0.0, 8191.0]"
1551189633713877768,,869,,1551189633,713498042,"""cf1/base_link""","[0.0, 0.0, 0.0, 0.0, 0.0, 8191.0]"
1551189633731807397,,870,,1551189633,731433327,"""cf1/base_link""","[0.0, 0.0, 0.0, 0.0, 0.0, 8191.0]"
1551189633755974264,,871,,1551189633,755565692,"""cf1/base_link""","[0.0, 0.0, 0.0, 0.0, 0.0, 8191.0]"
1551189633771331205,,872,,1551189633,770969507,"""cf1/base_link""","[0.0, 0.0, 0.0, 0.0, 0.0, 8191.0]"
1551189633791256825,,873,,1551189633,790952160,"""cf1/base_link""","[0.0, 0.0, 0.0, 0.0, 0.0, 8191.0]"
1551189633819881774,,874,,1551189633,819474931,"""cf1/base_link""","[0.0, 0.0, 0.0, 0.0, 0.0, 8191.0]"
1551189633834031690,,875,,1551189633,833636621,"""cf1/base_link""","[0.0, 0.0, 0.0, 0.0, 0.0, 8191.0]"
1551189633852282165,,876,,1551189633,851923762,"""cf1/base_link""","[0.0, 0.0, 0.0, 0.0, 0.0, 8191.0]"
1551189633872300118,,877,,1551189633,871943167,"""cf1/base_link""","[0.0, 0.0, 0.0, 0.0, 0.0, 8191.0]"
1551189633891942081,,878,,1551189633,891619671,"""cf1/base_link""","[0.0, 0.0, 0.0, 0.0, 0.0, 8191.0]"
1551189633911150548,,879,,1551189633,910880288,"""cf1/base_link""","[0.0, 0.0, 0.0, 0.0, 0.0, 8189.0]"
1551189633931308868,,880,,1551189633,931143158,"""cf1/base_link""","[0.0, 0.0, 0.0, 0.0, 0.0, 8189.0]"
1551189633953170322,,881,,1551189633,952984232,"""cf1/base_link""","[0.0, 0.0, 0.0, 0.0, 0.0, 402.0]"
1551189633970533209,,882,,1551189633,970348246,"""cf1/base_link""","[0.0, 0.0, 0.0, 0.0, 0.0, 395.0]"
1551189633998113444,,883,,1551189633,997898248,"""cf1/base_link""","[0.0, 0.0, 0.0, 0.0, 0.0, 395.0]"
1551189634016551303,,884,,1551189634,16262192,"""cf1/base_link""","[0.0, 0.0, 0.0, 0.0, 0.0, 8189.0]"
1551189634030821142,,885,,1551189634,30462239,"""cf1/base_link""","[0.0, 0.0, 0.0, 0.0, 0.0, 8189.0]"
1551189634050759566,,886,,1551189634,50381775,"""cf1/base_link""","[0.0, 0.0, 0.0, 0.0, 0.0, 8191.0]"
1551189634079088400,,887,,1551189634,78737133,"""cf1/base_link""","[0.0, 0.0, 0.0, 0.0, 0.0, 8189.0]"
1551189634093348923,,888,,1551189634,92982538,"""cf1/base_link""","[0.0, 0.0, 0.0, 0.0, 0.0, 8189.0]"
1551189634111312804,,889,,1551189634,110930544,"""cf1/base_link""","[0.0, 0.0, 0.0, 0.0, 0.0, 217.0]"
1551189634133039138,,890,,1551189634,132633666,"""cf1/base_link""","[0.0, 0.0, 0.0, 0.0, 0.0, 217.0]"
1551189634151107004,,891,,1551189634,150742291,"""cf1/base_link""","[0.0, 0.0, 0.0, 0.0, 0.0, 183.0]"
1551189634171191209,,892,,1551189634,170787162,"""cf1/base_link""","[0.0, 0.0, 0.0, 0.0, 0.0, 180.0]"
1551189634191201025,,893,,1551189634,190813723,"""cf1/base_link""","[0.0, 0.0, 0.0, 0.0, 0.0, 180.0]"
1551189634215820410,,894,,1551189634,215435299,"""cf1/base_link""","[0.0, 0.0, 0.0, 0.0, 0.0, 347.0]"
1551189634233616810,,895,,1551189634,233301077,"""cf1/base_link""","[0.0, 0.0, 0.0, 0.0, 0.0, 347.0]"
1551189634249719574,,896,,1551189634,249344086,"""cf1/base_link""","[0.0, 0.0, 0.0, 0.0, 0.0, 8191.0]"
1551189634269698941,,897,,1551189634,269332829,"""cf1/base_link""","[0.0, 0.0, 0.0, 0.0, 0.0, 8191.0]"
1551189634289781487,,898,,1551189634,289408690,"""cf1/base_link""","[0.0, 0.0, 0.0, 0.0, 0.0, 8191.0]"
1551189634311968160,,899,,1551189634,311385114,"""cf1/base_link""","[0.0, 0.0, 0.0, 0.0, 0.0, 8189.0]"
1551189634329849060,,900,,1551189634,329486748,"""cf1/base_link""","[0.0, 0.0, 0.0, 0.0, 0.0, 8189.0]"
1551189634354785041,,901,,1551189634,354425782,"""cf1/base_link""","[0.0, 0.0, 0.0, 0.0, 0.0, 8189.0]"
1551189634371008736,,902,,1551189634,370659422,"""cf1/base_link""","[0.0, 0.0, 0.0, 0.0, 0.0, 8191.0]"
1551189634389720291,,903,,1551189634,389385438,"""cf1/base_link""","[0.0, 0.0, 0.0, 0.0, 0.0, 8191.0]"
1551189634409895006,,904,,1551189634,409578412,"""cf1/base_link""","[0.0, 0.0, 0.0, 0.0, 0.0, 8189.0]"
1551189634430292061,,905,,1551189634,429916852,"""cf1/base_link""","[0.0, 0.0, 0.0, 0.0, 0.0, 8189.0]"
1551189634449380728,,906,,1551189634,449232436,"""cf1/base_link""","[0.0, 0.0, 0.0, 0.0, 0.0, 8189.0]"
1551189634476150948,,907,,1551189634,475987023,"""cf1/base_link""","[0.0, 0.0, 0.0, 0.0, 0.0, 99.0]"
1551189634489435646,,908,,1551189634,489262535,"""cf1/base_link""","[0.0, 0.0, 0.0, 0.0, 0.0, 99.0]"
1551189634508204065,,909,,1551189634,508027829,"""cf1/base_link""","[0.0, 0.0, 0.0, 0.0, 0.0, 8191.0]"
1551189634529240649,,910,,1551189634,529026467,"""cf1/base_link""","[0.0, 0.0, 0.0, 0.0, 0.0, 8191.0]"
1551189634548240820,,911,,1551189634,548071527,"""cf1/base_link""","[0.0, 0.0, 0.0, 0.0, 0.0, 8191.0]"
1551189634569247264,,912,,1551189634,568971482,"""cf1/base_link""","[0.0, 0.0, 0.0, 0.0, 0.0, 8191.0]"
1551189634589214129,,913,,1551189634,588841598,"""cf1/base_link""","[0.0, 0.0, 0.0, 0.0, 0.0, 8191.0]"
1551189634611747805,,914,,1551189634,611370942,"""cf1/base_link""","[0.0, 0.0, 0.0, 0.0, 0.0, 8191.0]"
1551189634629896908,,915,,1551189634,629539010,"""cf1/base_link""","[0.0, 0.0, 0.0, 0.0, 0.0, 8191.0]"
1551189634648011847,,916,,1551189634,647570990,"""cf1/base_link""","[0.0, 0.0, 0.0, 0.0, 0.0, 8191.0]"
1551189634668231199,,917,,1551189634,667854785,"""cf1/base_link""","[0.0, 0.0, 0.0, 0.0, 0.0, 8191.0]"
1551189634688318515,,918,,1551189634,687960886,"""cf1/base_link""","[0.0, 0.0, 0.0, 0.0, 0.0, 8191.0]"
1551189634708307787,,919,,1551189634,707946649,"""cf1/base_link""","[0.0, 0.0, 0.0, 0.0, 0.0, 8191.0]"
1551189634732802357,,920,,1551189634,732446516,"""cf1/base_link""","[0.0, 0.0, 0.0, 0.0, 0.0, 8191.0]"
1551189634748825662,,921,,1551189634,748412555,"""cf1/base_link""","[0.0, 0.0, 0.0, 0.0, 0.0, 8191.0]"
1551189634768660395,,922,,1551189634,768253059,"""cf1/base_link""","[0.0, 0.0, 0.0, 0.0, 0.0, 8191.0]"
1551189634788673778,,923,,1551189634,788307935,"""cf1/base_link""","[0.0, 0.0, 0.0, 0.0, 0.0, 8191.0]"
1551189634808674687,,924,,1551189634,808316835,"""cf1/base_link""","[0.0, 0.0, 0.0, 0.0, 0.0, 8191.0]"
1551189634828695783,,925,,1551189634,828313060,"""cf1/base_link""","[0.0, 0.0, 0.0, 0.0, 0.0, 637.0]"
1551189634858981335,,926,,1551189634,858621605,"""cf1/base_link""","[0.0, 0.0, 0.0, 0.0, 0.0, 637.0]"
1551189634877475783,,927,,1551189634,877126453,"""cf1/base_link""","[0.0, 0.0, 0.0, 0.0, 0.0, 8191.0]"
1551189634891837639,,928,,1551189634,891427333,"""cf1/base_link""","[0.0, 0.0, 0.0, 0.0, 0.0, 8191.0]"
1551189634907957282,,929,,1551189634,907563448,"""cf1/base_link""","[0.0, 0.0, 0.0, 0.0, 0.0, 8191.0]"
1551189634927935190,,930,,1551189634,927508173,"""cf1/base_link""","[0.0, 0.0, 0.0, 0.0, 0.0, 8191.0]"
1551189634947721166,,931,,1551189634,947337161,"""cf1/base_link""","[0.0, 0.0, 0.0, 0.0, 0.0, 8191.0]"
1551189634967856774,,932,,1551189634,967500686,"""cf1/base_link""","[0.0, 0.0, 0.0, 0.0, 0.0, 8191.0]"
1551189634990610668,,933,,1551189634,990207690,"""cf1/base_link""","[0.0, 0.0, 0.0, 0.0, 0.0, 8191.0]"
1551189635008907995,,934,,1551189635,8511516,"""cf1/base_link""","[0.0, 0.0, 0.0, 0.0, 0.0, 8191.0]"
1551189635027017214,,935,,1551189635,26621887,"""cf1/base_link""","[0.0, 0.0, 0.0, 0.0, 0.0, 8191.0]"
1551189635047006606,,936,,1551189635,46658009,"""cf1/base_link""","[0.0, 0.0, 0.0, 0.0, 0.0, 8191.0]"
1551189635067071298,,937,,1551189635,66674018,"""cf1/base_link""","[0.0, 0.0, 0.0, 0.0, 0.0, 8191.0]"
1551189635086855316,,938,,1551189635,86542893,"""cf1/base_link""","[0.0, 0.0, 0.0, 0.0, 0.0, 8191.0]"
1551189635115422195,,939,,1551189635,115040603,"""cf1/base_link""","[0.0, 0.0, 0.0, 0.0, 0.0, 8191.0]"
1551189635129416551,,940,,1551189635,129048633,"""cf1/base_link""","[0.0, 0.0, 0.0, 0.0, 0.0, 8191.0]"
1551189635147810607,,941,,1551189635,147443234,"""cf1/base_link""","[0.0, 0.0, 0.0, 0.0, 0.0, 8191.0]"
1551189635167764719,,942,,1551189635,167402509,"""cf1/base_link""","[0.0, 0.0, 0.0, 0.0, 0.0, 8191.0]"
1551189635189894263,,943,,1551189635,189543655,"""cf1/base_link""","[0.0, 0.0, 0.0, 0.0, 0.0, 8191.0]"
1551189635208073039,,944,,1551189635,207662295,"""cf1/base_link""","[0.0, 0.0, 0.0, 0.0, 0.0, 8191.0]"
1551189635226026826,,945,,1551189635,225637939,"""cf1/base_link""","[0.0, 0.0, 0.0, 0.0, 0.0, 8191.0]"
1551189635250624214,,946,,1551189635,250272154,"""cf1/base_link""","[0.0, 0.0, 0.0, 0.0, 0.0, 8191.0]"
1551189635266574422,,947,,1551189635,266168058,"""cf1/base_link""","[0.0, 0.0, 0.0, 0.0, 0.0, 8191.0]"
1551189635286699947,,948,,1551189635,286323887,"""cf1/base_link""","[0.0, 0.0, 0.0, 0.0, 0.0, 8191.0]"
1551189635306937250,,949,,1551189635,306537508,"""cf1/base_link""","[0.0, 0.0, 0.0, 0.0, 0.0, 8191.0]"
1551189635326869984,,950,,1551189635,326498845,"""cf1/base_link""","[0.0, 0.0, 0.0, 0.0, 0.0, 8191.0]"
1551189635346911615,,951,,1551189635,346583467,"""cf1/base_link""","[0.0, 0.0, 0.0, 0.0, 0.0, 8191.0]"
1551189635375834299,,952,,1551189635,375436587,"""cf1/base_link""","[0.0, 0.0, 0.0, 0.0, 0.0, 8191.0]"
1551189635390200070,,953,,1551189635,389799223,"""cf1/base_link""","[0.0, 0.0, 0.0, 0.0, 0.0, 8191.0]"
1551189635406145988,,954,,1551189635,405827754,"""cf1/base_link""","[0.0, 0.0, 0.0, 0.0, 0.0, 8191.0]"
1551189635426729483,,955,,1551189635,426355818,"""cf1/base_link""","[0.0, 0.0, 0.0, 0.0, 0.0, 8189.0]"
1551189635446899153,,956,,1551189635,446507961,"""cf1/base_link""","[0.0, 0.0, 0.0, 0.0, 0.0, 8189.0]"
1551189635467063359,,957,,1551189635,466679235,"""cf1/base_link""","[0.0, 0.0, 0.0, 0.0, 0.0, 8191.0]"
1551189635485498423,,958,,1551189635,485141742,"""cf1/base_link""","[0.0, 0.0, 0.0, 0.0, 0.0, 8191.0]"
1551189635508171765,,959,,1551189635,507780142,"""cf1/base_link""","[0.0, 0.0, 0.0, 0.0, 0.0, 8191.0]"
1551189635526307852,,960,,1551189635,525969602,"""cf1/base_link""","[0.0, 0.0, 0.0, 0.0, 0.0, 8191.0]"
1551189635546239160,,961,,1551189635,545852054,"""cf1/base_link""","[0.0, 0.0, 0.0, 0.0, 0.0, 8191.0]"
