rosbagTimestamp,header,seq,stamp,secs,nsecs,frame_id,values
1551189616405762075,,0,,1551189616,405421444,"""cf1/base_link""","[1.0, -1.0, 0.0]"
1551189616425524169,,1,,1551189616,425417794,"""cf1/base_link""","[0.0, 0.0, 0.0]"
1551189616446383453,,2,,1551189616,446209975,"""cf1/base_link""","[0.0, 0.0, 0.0]"
1551189616464796559,,3,,1551189616,464677904,"""cf1/base_link""","[-1.0, 0.0, 0.0]"
1551189616485372394,,4,,1551189616,485204122,"""cf1/base_link""","[0.0, 1.0, 0.0]"
1551189616505790181,,5,,1551189616,505669742,"""cf1/base_link""","[0.0, 0.0, 0.0]"
1551189616532164619,,6,,1551189616,531944475,"""cf1/base_link""","[0.0, 0.0, 0.0]"
1551189616548268816,,7,,1551189616,548107946,"""cf1/base_link""","[1.0, 0.0, 0.0]"
1551189616565738555,,8,,1551189616,565555539,"""cf1/base_link""","[0.0, 1.0, 0.0]"
1551189616587316686,,9,,1551189616,586975831,"""cf1/base_link""","[0.0, 0.0, 0.0]"
1551189616607549414,,10,,1551189616,607168319,"""cf1/base_link""","[-1.0, 0.0, 0.0]"
1551189616626842015,,11,,1551189616,626567067,"""cf1/base_link""","[1.0, 0.0, 0.0]"
1551189616646085849,,12,,1551189616,645824100,"""cf1/base_link""","[0.0, 0.0, 0.0]"
1551189616667836595,,13,,1551189616,667538998,"""cf1/base_link""","[0.0, 1.0, 0.0]"
1551189616687045834,,14,,1551189616,686796322,"""cf1/base_link""","[0.0, 0.0, 0.0]"
1551189616707179447,,15,,1551189616,706895753,"""cf1/base_link""","[0.0, -1.0, 0.0]"
1551189616725587873,,16,,1551189616,725312921,"""cf1/base_link""","[1.0, 0.0, 0.0]"
1551189616746870884,,17,,1551189616,746479407,"""cf1/base_link""","[-1.0, -1.0, 0.0]"
1551189616766338640,,18,,1551189616,765769901,"""cf1/base_link""","[0.0, 0.0, 0.0]"
1551189616793907270,,19,,1551189616,793689946,"""cf1/base_link""","[-1.0, 1.0, 0.0]"
1551189616808282241,,20,,1551189616,807936549,"""cf1/base_link""","[1.0, 0.0, 0.0]"
1551189616826258893,,21,,1551189616,825898958,"""cf1/base_link""","[0.0, 0.0, 0.0]"
1551189616846938028,,22,,1551189616,846530119,"""cf1/base_link""","[1.0, 1.0, 0.0]"
1551189616865172850,,23,,1551189616,864920633,"""cf1/base_link""","[0.0, 1.0, 0.0]"
1551189616885668314,,24,,1551189616,885289942,"""cf1/base_link""","[1.0, 0.0, 0.0]"
1551189616914816541,,25,,1551189616,914497485,"""cf1/base_link""","[0.0, 0.0, 0.0]"
1551189616929551029,,26,,1551189616,929039130,"""cf1/base_link""","[0.0, 1.0, 0.0]"
1551189616945706209,,27,,1551189616,945306012,"""cf1/base_link""","[-1.0, 0.0, 0.0]"
1551189616965724917,,28,,1551189616,965332625,"""cf1/base_link""","[0.0, 0.0, 0.0]"
1551189616985816797,,29,,1551189616,985501254,"""cf1/base_link""","[0.0, 0.0, 0.0]"
1551189617006017951,,30,,1551189617,5646131,"""cf1/base_link""","[0.0, 0.0, 0.0]"
1551189617025976030,,31,,1551189617,25629404,"""cf1/base_link""","[0.0, 0.0, 0.0]"
1551189617050868583,,32,,1551189617,50495410,"""cf1/base_link""","[0.0, 1.0, 0.0]"
1551189617065097537,,33,,1551189617,64843703,"""cf1/base_link""","[0.0, -1.0, 0.0]"
1551189617085074318,,34,,1551189617,84776203,"""cf1/base_link""","[0.0, 0.0, 0.0]"
1551189617105231123,,35,,1551189617,104939518,"""cf1/base_link""","[0.0, 0.0, 0.0]"
1551189617127349356,,36,,1551189617,127077329,"""cf1/base_link""","[-2.0, 0.0, 0.0]"
1551189617145671726,,37,,1551189617,145347314,"""cf1/base_link""","[1.0, 0.0, 0.0]"
1551189617176364531,,38,,1551189617,176012332,"""cf1/base_link""","[0.0, 0.0, 0.0]"
1551189617190771428,,39,,1551189617,190415244,"""cf1/base_link""","[1.0, 0.0, 0.0]"
1551189617204984248,,40,,1551189617,204702486,"""cf1/base_link""","[1.0, 0.0, 0.0]"
1551189617225089901,,41,,1551189617,224726261,"""cf1/base_link""","[0.0, 0.0, 0.0]"
1551189617245400792,,42,,1551189617,245026597,"""cf1/base_link""","[0.0, -1.0, 0.0]"
1551189617263623018,,43,,1551189617,263301836,"""cf1/base_link""","[0.0, -1.0, 0.0]"
1551189617284048908,,44,,1551189617,283631396,"""cf1/base_link""","[1.0, 0.0, 0.0]"
1551189617312798071,,45,,1551189617,312504909,"""cf1/base_link""","[0.0, 0.0, 0.0]"
1551189617327132385,,46,,1551189617,326782866,"""cf1/base_link""","[0.0, 0.0, 0.0]"
1551189617343351320,,47,,1551189617,343025255,"""cf1/base_link""","[0.0, 1.0, 0.0]"
1551189617363361997,,48,,1551189617,363138157,"""cf1/base_link""","[0.0, 0.0, 0.0]"
1551189617383773042,,49,,1551189617,383454620,"""cf1/base_link""","[-1.0, 0.0, 0.0]"
1551189617404015874,,50,,1551189617,403721194,"""cf1/base_link""","[0.0, 0.0, 0.0]"
1551189617432692490,,51,,1551189617,432411280,"""cf1/base_link""","[0.0, 0.0, 0.0]"
1551189617446769726,,52,,1551189617,446421260,"""cf1/base_link""","[-1.0, 0.0, 0.0]"
1551189617465038653,,53,,1551189617,464630250,"""cf1/base_link""","[1.0, 0.0, 0.0]"
1551189617483134676,,54,,1551189617,482904008,"""cf1/base_link""","[-1.0, 0.0, 0.0]"
1551189617505269442,,55,,1551189617,504913854,"""cf1/base_link""","[0.0, 0.0, 0.0]"
1551189617523166243,,56,,1551189617,522840634,"""cf1/base_link""","[1.0, 0.0, 0.0]"
1551189617543382479,,57,,1551189617,543040253,"""cf1/base_link""","[-1.0, 0.0, 0.0]"
1551189617568197654,,58,,1551189617,567835643,"""cf1/base_link""","[1.0, 0.0, 0.0]"
1551189617584502659,,59,,1551189617,584089813,"""cf1/base_link""","[0.0, -1.0, 0.0]"
1551189617604520744,,60,,1551189617,604163573,"""cf1/base_link""","[0.0, 0.0, 0.0]"
1551189617622675764,,61,,1551189617,622290237,"""cf1/base_link""","[-1.0, 0.0, 0.0]"
1551189617643072428,,62,,1551189617,642766618,"""cf1/base_link""","[-1.0, 0.0, 0.0]"
1551189617663357624,,63,,1551189617,663060479,"""cf1/base_link""","[0.0, 0.0, 0.0]"
1551189617692065694,,64,,1551189617,691687738,"""cf1/base_link""","[1.0, 1.0, 0.0]"
1551189617706442731,,65,,1551189617,706150498,"""cf1/base_link""","[0.0, 0.0, 0.0]"
1551189617722819939,,66,,1551189617,722493066,"""cf1/base_link""","[1.0, 0.0, 0.0]"
1551189617742974793,,67,,1551189617,742627102,"""cf1/base_link""","[-1.0, 0.0, 0.0]"
1551189617763110636,,68,,1551189617,762757511,"""cf1/base_link""","[0.0, 0.0, 0.0]"
1551189617783121642,,69,,1551189617,782807462,"""cf1/base_link""","[0.0, 0.0, 0.0]"
1551189617803198740,,70,,1551189617,802846697,"""cf1/base_link""","[-1.0, -1.0, 0.0]"
1551189617827677059,,71,,1551189617,827336303,"""cf1/base_link""","[0.0, 0.0, 0.0]"
1551189617845600030,,72,,1551189617,845242627,"""cf1/base_link""","[0.0, 0.0, 0.0]"
1551189617861999933,,73,,1551189617,861648561,"""cf1/base_link""","[0.0, 0.0, 0.0]"
1551189617886021991,,74,,1551189617,885654089,"""cf1/base_link""","[0.0, 1.0, 0.0]"
1551189617912706257,,75,,1551189617,912291841,"""cf1/base_link""","[0.0, 0.0, 0.0]"
1551189617928585924,,76,,1551189617,928253008,"""cf1/base_link""","[1.0, 0.0, 0.0]"
1551189617954515547,,77,,1551189617,954155829,"""cf1/base_link""","[1.0, 1.0, 0.0]"
1551189617968962101,,78,,1551189617,968557687,"""cf1/base_link""","[-1.0, 0.0, 0.0]"
1551189617983113698,,79,,1551189617,982756317,"""cf1/base_link""","[1.0, 0.0, 0.0]"
1551189618001063673,,80,,1551189618,724261,"""cf1/base_link""","[0.0, 1.0, 0.0]"
1551189618021246427,,81,,1551189618,20862521,"""cf1/base_link""","[-1.0, -1.0, 0.0]"
1551189618041192512,,82,,1551189618,40835618,"""cf1/base_link""","[0.0, 0.0, 0.0]"
1551189618063264230,,83,,1551189618,62916685,"""cf1/base_link""","[-1.0, 0.0, 0.0]"
1551189618085882033,,84,,1551189618,85511263,"""cf1/base_link""","[0.0, 0.0, 0.0]"
1551189618102306123,,85,,1551189618,101936235,"""cf1/base_link""","[0.0, 0.0, 0.0]"
1551189618122503750,,86,,1551189618,122122333,"""cf1/base_link""","[-2.0, 0.0, 0.0]"
1551189618144424384,,87,,1551189618,144039310,"""cf1/base_link""","[0.0, 1.0, 0.0]"
1551189618162409317,,88,,1551189618,162069712,"""cf1/base_link""","[-1.0, 0.0, 0.0]"
1551189618182449843,,89,,1551189618,182067502,"""cf1/base_link""","[0.0, 0.0, 0.0]"
1551189618204937451,,90,,1551189618,204541683,"""cf1/base_link""","[-1.0, 0.0, 0.0]"
1551189618221067223,,91,,1551189618,220684475,"""cf1/base_link""","[0.0, 0.0, 0.0]"
1551189618241151713,,92,,1551189618,240760171,"""cf1/base_link""","[0.0, 0.0, 0.0]"
1551189618261228244,,93,,1551189618,260842198,"""cf1/base_link""","[0.0, 0.0, 0.0]"
1551189618281236195,,94,,1551189618,280860554,"""cf1/base_link""","[0.0, 0.0, 0.0]"
1551189618301313914,,95,,1551189618,300922668,"""cf1/base_link""","[1.0, 0.0, 0.0]"
1551189618329766449,,96,,1551189618,329485965,"""cf1/base_link""","[-1.0, 0.0, 0.0]"
1551189618344212916,,97,,1551189618,343865895,"""cf1/base_link""","[2.0, 2.0, 0.0]"
1551189618360389303,,98,,1551189618,360124432,"""cf1/base_link""","[0.0, -1.0, 0.0]"
1551189618380379120,,99,,1551189618,380048077,"""cf1/base_link""","[0.0, 0.0, 0.0]"
1551189618400513017,,100,,1551189618,400123102,"""cf1/base_link""","[2.0, 0.0, 0.0]"
1551189618420595702,,101,,1551189618,420252207,"""cf1/base_link""","[0.0, 1.0, 0.0]"
1551189618440620786,,102,,1551189618,440328914,"""cf1/base_link""","[-1.0, 0.0, 0.0]"
1551189618465335410,,103,,1551189618,464955086,"""cf1/base_link""","[1.0, 0.0, 0.0]"
1551189618481466157,,104,,1551189618,481084860,"""cf1/base_link""","[0.0, 0.0, 0.0]"
1551189618499428962,,105,,1551189618,499193232,"""cf1/base_link""","[-1.0, 0.0, 0.0]"
1551189618519648081,,106,,1551189618,519254310,"""cf1/base_link""","[0.0, -1.0, 0.0]"
1551189618539714619,,107,,1551189618,539331176,"""cf1/base_link""","[-1.0, 0.0, 0.0]"
1551189618559919916,,108,,1551189618,559493074,"""cf1/base_link""","[0.0, 0.0, 0.0]"
1551189618579801746,,109,,1551189618,579423407,"""cf1/base_link""","[-1.0, 0.0, 0.0]"
1551189618602368005,,110,,1551189618,601981961,"""cf1/base_link""","[-1.0, -1.0, 0.0]"
1551189618624586049,,111,,1551189618,624198420,"""cf1/base_link""","[1.0, 0.0, 0.0]"
1551189618640804037,,112,,1551189618,640420580,"""cf1/base_link""","[0.0, -1.0, 0.0]"
1551189618660997580,,113,,1551189618,660613608,"""cf1/base_link""","[0.0, -2.0, 0.0]"
1551189618679045562,,114,,1551189618,678687203,"""cf1/base_link""","[-2.0, -4.0, 0.0]"
1551189618699142914,,115,,1551189618,698827831,"""cf1/base_link""","[-5.0, -7.0, 0.0]"
1551189618723816570,,116,,1551189618,723436935,"""cf1/base_link""","[-4.0, -7.0, 0.0]"
1551189618742366344,,117,,1551189618,741979587,"""cf1/base_link""","[-3.0, -4.0, 0.0]"
1551189618760469701,,118,,1551189618,760127896,"""cf1/base_link""","[-1.0, -1.0, 0.0]"
1551189618780315405,,119,,1551189618,779917231,"""cf1/base_link""","[2.0, 1.0, 0.0]"
1551189618802083523,,120,,1551189618,801735739,"""cf1/base_link""","[-1.0, 0.0, 0.0]"
1551189618820158787,,121,,1551189618,819780671,"""cf1/base_link""","[12.0, 8.0, 0.0]"
1551189618852477289,,122,,1551189618,852140949,"""cf1/base_link""","[12.0, 6.0, 0.0]"
1551189618870757026,,123,,1551189618,870394577,"""cf1/base_link""","[7.0, 5.0, 0.0]"
1551189618887191472,,124,,1551189618,886807275,"""cf1/base_link""","[11.0, 5.0, 0.0]"
1551189618901609174,,125,,1551189618,901208057,"""cf1/base_link""","[15.0, 7.0, 0.0]"
1551189618918089913,,126,,1551189618,917731964,"""cf1/base_link""","[17.0, 11.0, 0.0]"
1551189618938236624,,127,,1551189618,937845018,"""cf1/base_link""","[16.0, 13.0, 0.0]"
1551189618958660591,,128,,1551189618,958272220,"""cf1/base_link""","[13.0, 13.0, 0.0]"
1551189618981272805,,129,,1551189618,980965213,"""cf1/base_link""","[9.0, 13.0, 0.0]"
1551189618999380252,,130,,1551189618,999037177,"""cf1/base_link""","[5.0, 12.0, 0.0]"
1551189619017663428,,131,,1551189619,17346165,"""cf1/base_link""","[6.0, 10.0, 0.0]"
1551189619038263431,,132,,1551189619,37833622,"""cf1/base_link""","[2.0, 6.0, 0.0]"
1551189619060447609,,133,,1551189619,60056932,"""cf1/base_link""","[0.0, 5.0, 0.0]"
1551189619078386620,,134,,1551189619,78038902,"""cf1/base_link""","[-1.0, 7.0, 0.0]"
1551189619106902380,,135,,1551189619,106556576,"""cf1/base_link""","[0.0, 2.0, 0.0]"
1551189619121274457,,136,,1551189619,120887640,"""cf1/base_link""","[-2.0, 1.0, 0.0]"
1551189619139489702,,137,,1551189619,139162708,"""cf1/base_link""","[0.0, 3.0, 0.0]"
1551189619157684303,,138,,1551189619,157327913,"""cf1/base_link""","[-3.0, 5.0, 0.0]"
1551189619184524723,,139,,1551189619,184162688,"""cf1/base_link""","[-2.0, 4.0, 0.0]"
1551189619198974364,,140,,1551189619,198593273,"""cf1/base_link""","[0.0, 6.0, 0.0]"
1551189619218949867,,141,,1551189619,218678730,"""cf1/base_link""","[-4.0, 6.0, 0.0]"
1551189619245955535,,142,,1551189619,245577548,"""cf1/base_link""","[-3.0, 4.0, 0.0]"
1551189619260256400,,143,,1551189619,259893537,"""cf1/base_link""","[-2.0, 4.0, 0.0]"
1551189619278370224,,144,,1551189619,277986747,"""cf1/base_link""","[-1.0, 4.0, 0.0]"
1551189619298419101,,145,,1551189619,298038145,"""cf1/base_link""","[-10.0, 2.0, 0.0]"
1551189619318742958,,146,,1551189619,318386225,"""cf1/base_link""","[-1.0, 2.0, 0.0]"
1551189619336783402,,147,,1551189619,336440906,"""cf1/base_link""","[-3.0, 1.0, 0.0]"
1551189619365499805,,148,,1551189619,365146961,"""cf1/base_link""","[-4.0, 0.0, 0.0]"
1551189619379841136,,149,,1551189619,379476327,"""cf1/base_link""","[-3.0, -1.0, 0.0]"
1551189619400022279,,150,,1551189619,399584011,"""cf1/base_link""","[-1.0, -3.0, 0.0]"
1551189619418119710,,151,,1551189619,417715163,"""cf1/base_link""","[0.0, -4.0, 0.0]"
1551189619436531498,,152,,1551189619,436128908,"""cf1/base_link""","[0.0, -3.0, 0.0]"
1551189619456969315,,153,,1551189619,456574716,"""cf1/base_link""","[-2.0, -3.0, 0.0]"
1551189619485417439,,154,,1551189619,485031200,"""cf1/base_link""","[-3.0, -2.0, 0.0]"
1551189619499689352,,155,,1551189619,499304139,"""cf1/base_link""","[-2.0, -8.0, 0.0]"
1551189619516037239,,156,,1551189619,515626295,"""cf1/base_link""","[-1.0, -6.0, 0.0]"
1551189619536103918,,157,,1551189619,535700213,"""cf1/base_link""","[0.0, -6.0, 0.0]"
1551189619556203312,,158,,1551189619,555805705,"""cf1/base_link""","[1.0, -7.0, 0.0]"
1551189619576617853,,159,,1551189619,576252092,"""cf1/base_link""","[-1.0, -5.0, 0.0]"
1551189619598059696,,160,,1551189619,597765574,"""cf1/base_link""","[-1.0, -5.0, 0.0]"
1551189619620479317,,161,,1551189619,620087171,"""cf1/base_link""","[1.0, -3.0, 0.0]"
1551189619636313076,,162,,1551189619,635932037,"""cf1/base_link""","[0.0, -1.0, 0.0]"
1551189619656416963,,163,,1551189619,656068836,"""cf1/base_link""","[0.0, -1.0, 0.0]"
1551189619676599159,,164,,1551189619,676237316,"""cf1/base_link""","[1.0, 0.0, 0.0]"
1551189619696748787,,165,,1551189619,696368868,"""cf1/base_link""","[3.0, 0.0, 0.0]"
1551189619716746552,,166,,1551189619,716350376,"""cf1/base_link""","[1.0, 0.0, 0.0]"
1551189619751545056,,167,,1551189619,751154669,"""cf1/base_link""","[2.0, 0.0, 0.0]"
1551189619767958067,,168,,1551189619,767573699,"""cf1/base_link""","[6.0, 0.0, 0.0]"
1551189619788271005,,169,,1551189619,787887069,"""cf1/base_link""","[3.0, 1.0, 0.0]"
1551189619802500240,,170,,1551189619,802095283,"""cf1/base_link""","[0.0, 1.0, 0.0]"
1551189619818478058,,171,,1551189619,818125413,"""cf1/base_link""","[4.0, 4.0, 0.0]"
1551189619836525995,,172,,1551189619,836179411,"""cf1/base_link""","[4.0, 3.0, 0.0]"
1551189619854832276,,173,,1551189619,854434080,"""cf1/base_link""","[0.0, 1.0, 0.0]"
1551189619888145361,,174,,1551189619,887727392,"""cf1/base_link""","[1.0, 0.0, 0.0]"
1551189619904459420,,175,,1551189619,904100235,"""cf1/base_link""","[0.0, 2.0, 0.0]"
1551189619921142798,,176,,1551189619,920727938,"""cf1/base_link""","[6.0, 5.0, 0.0]"
1551189619937486270,,177,,1551189619,937141727,"""cf1/base_link""","[-1.0, 3.0, 0.0]"
1551189619955919840,,178,,1551189619,955501417,"""cf1/base_link""","[-1.0, 0.0, 0.0]"
1551189619978282488,,179,,1551189619,977880195,"""cf1/base_link""","[0.0, 1.0, 0.0]"
1551189619998428883,,180,,1551189619,998037231,"""cf1/base_link""","[1.0, 0.0, 0.0]"
1551189620022900754,,181,,1551189620,22525381,"""cf1/base_link""","[-1.0, -1.0, 0.0]"
1551189620037122845,,182,,1551189620,36703480,"""cf1/base_link""","[-2.0, 0.0, 0.0]"
1551189620055116920,,183,,1551189620,54734145,"""cf1/base_link""","[0.0, 0.0, 0.0]"
1551189620075179889,,184,,1551189620,74801138,"""cf1/base_link""","[-1.0, 1.0, 0.0]"
1551189620097192325,,185,,1551189620,96807223,"""cf1/base_link""","[0.0, 1.0, 0.0]"
1551189620115438859,,186,,1551189620,115086519,"""cf1/base_link""","[0.0, 0.0, 0.0]"
1551189620135138286,,187,,1551189620,134748247,"""cf1/base_link""","[-2.0, 2.0, 0.0]"
1551189620157722340,,188,,1551189620,157329912,"""cf1/base_link""","[-3.0, 0.0, 0.0]"
1551189620176139104,,189,,1551189620,175740780,"""cf1/base_link""","[-4.0, 0.0, 0.0]"
1551189620196334405,,190,,1551189620,195946911,"""cf1/base_link""","[-1.0, -2.0, 0.0]"
1551189620214321672,,191,,1551189620,214016102,"""cf1/base_link""","[-3.0, 0.0, 0.0]"
1551189620234378180,,192,,1551189620,233981432,"""cf1/base_link""","[-4.0, 0.0, 0.0]"
1551189620258727928,,193,,1551189620,258378939,"""cf1/base_link""","[-1.0, 0.0, 0.0]"
1551189620283393827,,194,,1551189620,283092363,"""cf1/base_link""","[-1.0, 0.0, 0.0]"
1551189620299754891,,195,,1551189620,299401887,"""cf1/base_link""","[0.0, 0.0, 0.0]"
1551189620313990921,,196,,1551189620,313597165,"""cf1/base_link""","[0.0, -1.0, 0.0]"
1551189620334096164,,197,,1551189620,333695305,"""cf1/base_link""","[0.0, -1.0, 0.0]"
1551189620356532745,,198,,1551189620,356148738,"""cf1/base_link""","[-3.0, -2.0, 0.0]"
1551189620374618256,,199,,1551189620,374233265,"""cf1/base_link""","[0.0, -1.0, 0.0]"
1551189620394624176,,200,,1551189620,394246517,"""cf1/base_link""","[-1.0, 0.0, 0.0]"
1551189620421567695,,201,,1551189620,421176774,"""cf1/base_link""","[0.0, -1.0, 0.0]"
1551189620435780923,,202,,1551189620,435384766,"""cf1/base_link""","[0.0, -2.0, 0.0]"
1551189620453949308,,203,,1551189620,453555395,"""cf1/base_link""","[0.0, -2.0, 0.0]"
1551189620476179495,,204,,1551189620,475767772,"""cf1/base_link""","[2.0, -1.0, 0.0]"
1551189620494311924,,205,,1551189620,493929933,"""cf1/base_link""","[0.0, -1.0, 0.0]"
1551189620514233609,,206,,1551189620,513832679,"""cf1/base_link""","[1.0, 0.0, 0.0]"
1551189620544723361,,207,,1551189620,544342638,"""cf1/base_link""","[0.0, -2.0, 0.0]"
1551189620558847052,,208,,1551189620,558466150,"""cf1/base_link""","[0.0, -2.0, 0.0]"
1551189620574928514,,209,,1551189620,574572158,"""cf1/base_link""","[2.0, -2.0, 0.0]"
1551189620592982284,,210,,1551189620,592625255,"""cf1/base_link""","[0.0, -2.0, 0.0]"
1551189620612759550,,211,,1551189620,612394697,"""cf1/base_link""","[1.0, 0.0, 0.0]"
1551189620632703244,,212,,1551189620,632297646,"""cf1/base_link""","[1.0, 0.0, 0.0]"
1551189620652663188,,213,,1551189620,652272898,"""cf1/base_link""","[2.0, 0.0, 0.0]"
1551189620679172437,,214,,1551189620,678795407,"""cf1/base_link""","[0.0, -1.0, 0.0]"
1551189620693387964,,215,,1551189620,693060573,"""cf1/base_link""","[1.0, 0.0, 0.0]"
1551189620713303837,,216,,1551189620,712928838,"""cf1/base_link""","[1.0, -1.0, 0.0]"
1551189620733279390,,217,,1551189620,732990150,"""cf1/base_link""","[4.0, 0.0, 0.0]"
1551189620753723022,,218,,1551189620,753363033,"""cf1/base_link""","[4.0, 0.0, 0.0]"
1551189620773988136,,219,,1551189620,773579488,"""cf1/base_link""","[1.0, 0.0, 0.0]"
1551189620792240810,,220,,1551189620,791841675,"""cf1/base_link""","[1.0, 1.0, 0.0]"
1551189620814745069,,221,,1551189620,814396330,"""cf1/base_link""","[3.0, 0.0, 0.0]"
1551189620832963200,,222,,1551189620,832576152,"""cf1/base_link""","[1.0, 1.0, 0.0]"
1551189620852790975,,223,,1551189620,852437945,"""cf1/base_link""","[1.0, 0.0, 0.0]"
1551189620872670597,,224,,1551189620,872290191,"""cf1/base_link""","[0.0, 0.0, 0.0]"
1551189620892451359,,225,,1551189620,892077525,"""cf1/base_link""","[0.0, 0.0, 0.0]"
1551189620912455302,,226,,1551189620,912118611,"""cf1/base_link""","[-1.0, 0.0, 0.0]"
1551189620941198931,,227,,1551189620,940814800,"""cf1/base_link""","[0.0, 0.0, 0.0]"
1551189620957399856,,228,,1551189620,957008247,"""cf1/base_link""","[0.0, 1.0, 0.0]"
1551189620973329328,,229,,1551189620,972973055,"""cf1/base_link""","[0.0, 0.0, 0.0]"
1551189620991570605,,230,,1551189620,991283209,"""cf1/base_link""","[-2.0, 0.0, 0.0]"
1551189621011677780,,231,,1551189621,11262111,"""cf1/base_link""","[-2.0, 1.0, 0.0]"
1551189621031634674,,232,,1551189621,31233711,"""cf1/base_link""","[-1.0, 1.0, 0.0]"
1551189621053823495,,233,,1551189621,53452689,"""cf1/base_link""","[-2.0, 2.0, 0.0]"
1551189621078662147,,234,,1551189621,78271761,"""cf1/base_link""","[0.0, 0.0, 0.0]"
1551189621092955279,,235,,1551189621,92600444,"""cf1/base_link""","[0.0, 2.0, 0.0]"
1551189621110958994,,236,,1551189621,110607389,"""cf1/base_link""","[-2.0, 0.0, 0.0]"
1551189621131015575,,237,,1551189621,130661723,"""cf1/base_link""","[-1.0, 0.0, 0.0]"
1551189621151257175,,238,,1551189621,150906171,"""cf1/base_link""","[-1.0, 0.0, 0.0]"
1551189621170999996,,239,,1551189621,170689727,"""cf1/base_link""","[-1.0, 1.0, 0.0]"
1551189621198025317,,240,,1551189621,197668273,"""cf1/base_link""","[0.0, 2.0, 0.0]"
1551189621212164968,,241,,1551189621,211798046,"""cf1/base_link""","[-1.0, 0.0, 0.0]"
1551189621232089230,,242,,1551189621,231700596,"""cf1/base_link""","[0.0, 0.0, 0.0]"
1551189621252090179,,243,,1551189621,251730686,"""cf1/base_link""","[0.0, -1.0, 0.0]"
1551189621274248514,,244,,1551189621,273888505,"""cf1/base_link""","[-1.0, 0.0, 0.0]"
1551189621290265685,,245,,1551189621,289884212,"""cf1/base_link""","[0.0, 0.0, 0.0]"
1551189621318598988,,246,,1551189621,318220651,"""cf1/base_link""","[0.0, -1.0, 0.0]"
1551189621333009348,,247,,1551189621,332630668,"""cf1/base_link""","[0.0, -3.0, 0.0]"
1551189621351260672,,248,,1551189621,350871793,"""cf1/base_link""","[2.0, -4.0, 0.0]"
1551189621371471497,,249,,1551189621,371116769,"""cf1/base_link""","[0.0, -1.0, 0.0]"
1551189621391851617,,250,,1551189621,391475122,"""cf1/base_link""","[0.0, -1.0, 0.0]"
1551189621410469730,,251,,1551189621,410104660,"""cf1/base_link""","[0.0, -2.0, 0.0]"
1551189621430379860,,252,,1551189621,429974987,"""cf1/base_link""","[1.0, -3.0, 0.0]"
1551189621455249853,,253,,1551189621,454859681,"""cf1/base_link""","[1.0, -1.0, 0.0]"
1551189621471359105,,254,,1551189621,470991092,"""cf1/base_link""","[0.0, -2.0, 0.0]"
1551189621491610156,,255,,1551189621,491226359,"""cf1/base_link""","[1.0, 0.0, 0.0]"
1551189621509624734,,256,,1551189621,509354319,"""cf1/base_link""","[0.0, -1.0, 0.0]"
1551189621529648901,,257,,1551189621,529282933,"""cf1/base_link""","[2.0, 0.0, 0.0]"
1551189621549621754,,258,,1551189621,549214390,"""cf1/base_link""","[0.0, -2.0, 0.0]"
1551189621569461149,,259,,1551189621,569065870,"""cf1/base_link""","[2.0, -1.0, 0.0]"
1551189621593977127,,260,,1551189621,593593668,"""cf1/base_link""","[0.0, -1.0, 0.0]"
1551189621610102650,,261,,1551189621,609753755,"""cf1/base_link""","[0.0, -1.0, 0.0]"
1551189621629971455,,262,,1551189621,629617557,"""cf1/base_link""","[0.0, 0.0, 0.0]"
1551189621649761269,,263,,1551189621,649412192,"""cf1/base_link""","[1.0, 0.0, 0.0]"
1551189621670013966,,264,,1551189621,669781324,"""cf1/base_link""","[0.0, -3.0, 0.0]"
1551189621694318992,,265,,1551189621,693941597,"""cf1/base_link""","[1.0, 0.0, 0.0]"
1551189621719176277,,266,,1551189621,718829535,"""cf1/base_link""","[3.0, 1.0, 0.0]"
1551189621733440406,,267,,1551189621,733094137,"""cf1/base_link""","[0.0, 0.0, 0.0]"
1551189621749584140,,268,,1551189621,749196455,"""cf1/base_link""","[1.0, 0.0, 0.0]"
1551189621769420283,,269,,1551189621,769023376,"""cf1/base_link""","[0.0, 0.0, 0.0]"
1551189621789287665,,270,,1551189621,788927522,"""cf1/base_link""","[0.0, -1.0, 0.0]"
1551189621809285041,,271,,1551189621,808931189,"""cf1/base_link""","[-1.0, 0.0, 0.0]"
1551189621830963034,,272,,1551189621,830635775,"""cf1/base_link""","[0.0, -1.0, 0.0]"
1551189621857823835,,273,,1551189621,857496188,"""cf1/base_link""","[-1.0, 1.0, 0.0]"
1551189621876292502,,274,,1551189621,875971284,"""cf1/base_link""","[0.0, 2.0, 0.0]"
1551189621896796928,,275,,1551189621,896450098,"""cf1/base_link""","[1.0, 0.0, 0.0]"
1551189621913354307,,276,,1551189621,912943681,"""cf1/base_link""","[0.0, 1.0, 0.0]"
1551189621929482965,,277,,1551189621,929165343,"""cf1/base_link""","[-3.0, -1.0, 0.0]"
1551189621947741151,,278,,1551189621,947343216,"""cf1/base_link""","[-2.0, 0.0, 0.0]"
1551189621974062051,,279,,1551189621,973692774,"""cf1/base_link""","[0.0, 1.0, 0.0]"
1551189621988382498,,280,,1551189621,987990265,"""cf1/base_link""","[0.0, 1.0, 0.0]"
1551189622008087264,,281,,1551189622,7709879,"""cf1/base_link""","[-1.0, 0.0, 0.0]"
1551189622028072475,,282,,1551189622,27683939,"""cf1/base_link""","[-1.0, 2.0, 0.0]"
1551189622049969576,,283,,1551189622,49483266,"""cf1/base_link""","[-3.0, -1.0, 0.0]"
1551189622068211830,,284,,1551189622,67827548,"""cf1/base_link""","[-1.0, 0.0, 0.0]"
1551189622088389999,,285,,1551189622,88009645,"""cf1/base_link""","[0.0, 3.0, 0.0]"
1551189622110852704,,286,,1551189622,110472975,"""cf1/base_link""","[0.0, 2.0, 0.0]"
1551189622128993674,,287,,1551189622,128608225,"""cf1/base_link""","[-2.0, 0.0, 0.0]"
1551189622149062174,,288,,1551189622,148694466,"""cf1/base_link""","[1.0, 2.0, 0.0]"
1551189622168921073,,289,,1551189622,168528739,"""cf1/base_link""","[-2.0, 2.0, 0.0]"
1551189622188891890,,290,,1551189622,188498941,"""cf1/base_link""","[-1.0, 0.0, 0.0]"
1551189622208821592,,291,,1551189622,208446914,"""cf1/base_link""","[-3.0, 0.0, 0.0]"
1551189622235413899,,292,,1551189622,235040934,"""cf1/base_link""","[-1.0, 1.0, 0.0]"
1551189622249559795,,293,,1551189622,249168481,"""cf1/base_link""","[0.0, 0.0, 0.0]"
1551189622267857477,,294,,1551189622,267490394,"""cf1/base_link""","[0.0, 1.0, 0.0]"
1551189622288012810,,295,,1551189622,287617020,"""cf1/base_link""","[-1.0, 0.0, 0.0]"
1551189622308127439,,296,,1551189622,307714273,"""cf1/base_link""","[0.0, 0.0, 0.0]"
1551189622328092296,,297,,1551189622,327731214,"""cf1/base_link""","[1.0, 1.0, 0.0]"
1551189622347997052,,298,,1551189622,347667298,"""cf1/base_link""","[0.0, 2.0, 0.0]"
1551189622372665924,,299,,1551189622,372344203,"""cf1/base_link""","[0.0, 1.0, 0.0]"
1551189622389026537,,300,,1551189622,388638821,"""cf1/base_link""","[0.0, 0.0, 0.0]"
1551189622409478944,,301,,1551189622,409078787,"""cf1/base_link""","[0.0, -1.0, 0.0]"
1551189622427470316,,302,,1551189622,427092685,"""cf1/base_link""","[0.0, 0.0, 0.0]"
1551189622447286384,,303,,1551189622,446928438,"""cf1/base_link""","[1.0, -1.0, 0.0]"
1551189622472171821,,304,,1551189622,471780014,"""cf1/base_link""","[1.0, 2.0, 0.0]"
1551189622500919924,,305,,1551189622,500521074,"""cf1/base_link""","[2.0, 0.0, 0.0]"
1551189622515212904,,306,,1551189622,514903504,"""cf1/base_link""","[0.0, -2.0, 0.0]"
1551189622529559535,,307,,1551189622,529202268,"""cf1/base_link""","[0.0, 0.0, 0.0]"
1551189622547079791,,308,,1551189622,546721885,"""cf1/base_link""","[0.0, 0.0, 0.0]"
1551189622567009593,,309,,1551189622,566645153,"""cf1/base_link""","[0.0, 2.0, 0.0]"
1551189622589254187,,310,,1551189622,588882571,"""cf1/base_link""","[0.0, 0.0, 0.0]"
1551189622607234349,,311,,1551189622,606892985,"""cf1/base_link""","[0.0, -2.0, 0.0]"
1551189622633994738,,312,,1551189622,633704404,"""cf1/base_link""","[-3.0, -1.0, 0.0]"
1551189622652541534,,313,,1551189622,652153467,"""cf1/base_link""","[-3.0, 0.0, 0.0]"
1551189622666542826,,314,,1551189622,666172531,"""cf1/base_link""","[0.0, 0.0, 0.0]"
1551189622686830806,,315,,1551189622,686449274,"""cf1/base_link""","[0.0, 11.0, 0.0]"
1551189622706807864,,316,,1551189622,706407598,"""cf1/base_link""","[5.0, 6.0, 0.0]"
1551189622727008872,,317,,1551189622,726657592,"""cf1/base_link""","[4.0, 4.0, 0.0]"
1551189622757583896,,318,,1551189622,757215345,"""cf1/base_link""","[2.0, 3.0, 0.0]"
1551189622771825685,,319,,1551189622,771421592,"""cf1/base_link""","[1.0, 2.0, 0.0]"
1551189622785889322,,320,,1551189622,785637024,"""cf1/base_link""","[0.0, 1.0, 0.0]"
1551189622806172671,,321,,1551189622,805805940,"""cf1/base_link""","[2.0, 3.0, 0.0]"
1551189622826434736,,322,,1551189622,826085762,"""cf1/base_link""","[0.0, 4.0, 0.0]"
1551189622846751109,,323,,1551189622,846365878,"""cf1/base_link""","[4.0, 8.0, 0.0]"
1551189622864898295,,324,,1551189622,864551232,"""cf1/base_link""","[0.0, 3.0, 0.0]"
1551189622891339829,,325,,1551189622,890953798,"""cf1/base_link""","[3.0, 8.0, 0.0]"
1551189622905684198,,326,,1551189622,905299063,"""cf1/base_link""","[4.0, 4.0, 0.0]"
1551189622925899299,,327,,1551189622,925506770,"""cf1/base_link""","[3.0, 2.0, 0.0]"
1551189622948195605,,328,,1551189622,947809689,"""cf1/base_link""","[2.0, 0.0, 0.0]"
1551189622966395671,,329,,1551189622,966016479,"""cf1/base_link""","[-3.0, -3.0, 0.0]"
1551189622988786566,,330,,1551189622,988418464,"""cf1/base_link""","[-2.0, -6.0, 0.0]"
1551189623017383785,,331,,1551189623,17013442,"""cf1/base_link""","[0.0, -5.0, 0.0]"
1551189623031591178,,332,,1551189623,31207052,"""cf1/base_link""","[-2.0, -4.0, 0.0]"
1551189623047858398,,333,,1551189623,47458199,"""cf1/base_link""","[1.0, -5.0, 0.0]"
1551189623065778135,,334,,1551189623,65481226,"""cf1/base_link""","[0.0, -5.0, 0.0]"
1551189623085818347,,335,,1551189623,85438472,"""cf1/base_link""","[2.0, -2.0, 0.0]"
1551189623105914582,,336,,1551189623,105547066,"""cf1/base_link""","[-1.0, -5.0, 0.0]"
1551189623125849064,,337,,1551189623,125452159,"""cf1/base_link""","[-3.0, -8.0, 0.0]"
1551189623150506665,,338,,1551189623,150129581,"""cf1/base_link""","[-5.0, -9.0, 0.0]"
1551189623166711408,,339,,1551189623,166364661,"""cf1/base_link""","[-2.0, -8.0, 0.0]"
1551189623185167094,,340,,1551189623,184770027,"""cf1/base_link""","[-3.0, -9.0, 0.0]"
1551189623205014973,,341,,1551189623,204634952,"""cf1/base_link""","[-2.0, -6.0, 0.0]"
1551189623225137209,,342,,1551189623,224744972,"""cf1/base_link""","[-1.0, -4.0, 0.0]"
1551189623245258721,,343,,1551189623,244878727,"""cf1/base_link""","[-4.0, -5.0, 0.0]"
1551189623263610141,,344,,1551189623,263228685,"""cf1/base_link""","[-7.0, -11.0, 0.0]"
1551189623292761356,,345,,1551189623,292387104,"""cf1/base_link""","[-2.0, -12.0, 0.0]"
1551189623311392410,,346,,1551189623,311003674,"""cf1/base_link""","[-3.0, -11.0, 0.0]"
1551189623325617020,,347,,1551189623,325226782,"""cf1/base_link""","[0.0, -6.0, 0.0]"
1551189623343723105,,348,,1551189623,343369641,"""cf1/base_link""","[0.0, -2.0, 0.0]"
1551189623365782279,,349,,1551189623,365439649,"""cf1/base_link""","[-1.0, -2.0, 0.0]"
1551189623384054514,,350,,1551189623,383669658,"""cf1/base_link""","[-1.0, -3.0, 0.0]"
1551189623412566137,,351,,1551189623,412228717,"""cf1/base_link""","[-1.0, -4.0, 0.0]"
1551189623426879708,,352,,1551189623,426510985,"""cf1/base_link""","[0.0, -4.0, 0.0]"
1551189623443237268,,353,,1551189623,442941260,"""cf1/base_link""","[-2.0, -6.0, 0.0]"
1551189623463400232,,354,,1551189623,463099839,"""cf1/base_link""","[-1.0, -6.0, 0.0]"
1551189623483509613,,355,,1551189623,483179954,"""cf1/base_link""","[-1.0, -6.0, 0.0]"
1551189623503438557,,356,,1551189623,503150603,"""cf1/base_link""","[-1.0, -4.0, 0.0]"
1551189623525855657,,357,,1551189623,525472172,"""cf1/base_link""","[-1.0, -4.0, 0.0]"
1551189623548615342,,358,,1551189623,548225220,"""cf1/base_link""","[0.0, -3.0, 0.0]"
1551189623564736636,,359,,1551189623,564342584,"""cf1/base_link""","[0.0, -5.0, 0.0]"
1551189623584906640,,360,,1551189623,584528508,"""cf1/base_link""","[-2.0, -6.0, 0.0]"
1551189623603284514,,361,,1551189623,602964717,"""cf1/base_link""","[-1.0, -2.0, 0.0]"
1551189623623206594,,362,,1551189623,622855222,"""cf1/base_link""","[0.0, 0.0, 0.0]"
1551189623643325589,,363,,1551189623,642934479,"""cf1/base_link""","[-2.0, -2.0, 0.0]"
1551189623663225807,,364,,1551189623,662877747,"""cf1/base_link""","[-1.0, -2.0, 0.0]"
1551189623685716084,,365,,1551189623,685335089,"""cf1/base_link""","[-2.0, -3.0, 0.0]"
1551189623712267344,,366,,1551189623,711853993,"""cf1/base_link""","[0.0, -4.0, 0.0]"
1551189623726382993,,367,,1551189623,726004175,"""cf1/base_link""","[-2.0, -2.0, 0.0]"
1551189623742410456,,368,,1551189623,742084674,"""cf1/base_link""","[0.0, -9.0, 0.0]"
1551189623762330532,,369,,1551189623,761955351,"""cf1/base_link""","[0.0, -3.0, 0.0]"
1551189623782292312,,370,,1551189623,781911237,"""cf1/base_link""","[1.0, -8.0, 0.0]"
1551189623811041739,,371,,1551189623,810680774,"""cf1/base_link""","[1.0, -3.0, 0.0]"
1551189623827321141,,372,,1551189623,826964636,"""cf1/base_link""","[2.0, -5.0, 0.0]"
1551189623843315990,,373,,1551189623,843043290,"""cf1/base_link""","[2.0, -7.0, 0.0]"
1551189623861795474,,374,,1551189623,861448180,"""cf1/base_link""","[2.0, -6.0, 0.0]"
1551189623884033195,,375,,1551189623,883656506,"""cf1/base_link""","[2.0, -3.0, 0.0]"
1551189623904339419,,376,,1551189623,903989339,"""cf1/base_link""","[2.0, -2.0, 0.0]"
1551189623922505044,,377,,1551189623,922144994,"""cf1/base_link""","[1.0, -8.0, 0.0]"
1551189623949307895,,378,,1551189623,948962642,"""cf1/base_link""","[1.0, -2.0, 0.0]"
1551189623963575316,,379,,1551189623,963211488,"""cf1/base_link""","[2.0, -2.0, 0.0]"
1551189623983676325,,380,,1551189623,983283661,"""cf1/base_link""","[1.0, -3.0, 0.0]"
1551189624001871402,,381,,1551189624,1506004,"""cf1/base_link""","[3.0, -5.0, 0.0]"
1551189624021879012,,382,,1551189624,21495301,"""cf1/base_link""","[3.0, -7.0, 0.0]"
1551189624042034119,,383,,1551189624,41654551,"""cf1/base_link""","[2.0, -2.0, 0.0]"
1551189624066840790,,384,,1551189624,66460547,"""cf1/base_link""","[0.0, -2.0, 0.0]"
1551189624083315684,,385,,1551189624,82891929,"""cf1/base_link""","[0.0, -4.0, 0.0]"
1551189624101421322,,386,,1551189624,101053004,"""cf1/base_link""","[1.0, -4.0, 0.0]"
1551189624121483614,,387,,1551189624,121117272,"""cf1/base_link""","[0.0, -3.0, 0.0]"
1551189624145717422,,388,,1551189624,145345258,"""cf1/base_link""","[4.0, -10.0, 0.0]"
1551189624166351647,,389,,1551189624,165971053,"""cf1/base_link""","[0.0, -9.0, 0.0]"
1551189624184489952,,390,,1551189624,184117591,"""cf1/base_link""","[1.0, -9.0, 0.0]"
1551189624209069893,,391,,1551189624,208692390,"""cf1/base_link""","[0.0, -10.0, 0.0]"
1551189624225312759,,392,,1551189624,224924637,"""cf1/base_link""","[0.0, -5.0, 0.0]"
1551189624241439390,,393,,1551189624,241091543,"""cf1/base_link""","[0.0, -5.0, 0.0]"
1551189624263581672,,394,,1551189624,263223587,"""cf1/base_link""","[0.0, -5.0, 0.0]"
1551189624281573339,,395,,1551189624,281221021,"""cf1/base_link""","[0.0, -5.0, 0.0]"
1551189624301965846,,396,,1551189624,301578901,"""cf1/base_link""","[0.0, -5.0, 0.0]"
1551189624320263816,,397,,1551189624,319945064,"""cf1/base_link""","[-2.0, -12.0, 0.0]"
1551189624343035998,,398,,1551189624,342653497,"""cf1/base_link""","[0.0, -13.0, 0.0]"
1551189624361142843,,399,,1551189624,360775136,"""cf1/base_link""","[0.0, -10.0, 0.0]"
1551189624381197172,,400,,1551189624,380829400,"""cf1/base_link""","[0.0, -6.0, 0.0]"
1551189624401171481,,401,,1551189624,400799703,"""cf1/base_link""","[-1.0, -5.0, 0.0]"
1551189624423352000,,402,,1551189624,423005033,"""cf1/base_link""","[0.0, -6.0, 0.0]"
1551189624441207978,,403,,1551189624,440898111,"""cf1/base_link""","[0.0, -5.0, 0.0]"
1551189624469780107,,404,,1551189624,469487463,"""cf1/base_link""","[0.0, -12.0, 0.0]"
1551189624486129338,,405,,1551189624,485775397,"""cf1/base_link""","[-1.0, -10.0, 0.0]"
1551189624502537336,,406,,1551189624,502180446,"""cf1/base_link""","[1.0, -4.0, 0.0]"
1551189624520586942,,407,,1551189624,520263809,"""cf1/base_link""","[0.0, -4.0, 0.0]"
1551189624543132818,,408,,1551189624,542760490,"""cf1/base_link""","[0.0, -6.0, 0.0]"
1551189624561131630,,409,,1551189624,560756642,"""cf1/base_link""","[0.0, -13.0, 0.0]"
1551189624579248923,,410,,1551189624,578884972,"""cf1/base_link""","[-1.0, -6.0, 0.0]"
1551189624605879563,,411,,1551189624,605499757,"""cf1/base_link""","[-1.0, -5.0, 0.0]"
1551189624620151304,,412,,1551189624,619756228,"""cf1/base_link""","[0.0, -7.0, 0.0]"
1551189624640496267,,413,,1551189624,640113100,"""cf1/base_link""","[0.0, -7.0, 0.0]"
1551189624660260852,,414,,1551189624,659911840,"""cf1/base_link""","[-2.0, -7.0, 0.0]"
1551189624680215872,,415,,1551189624,679861282,"""cf1/base_link""","[-1.0, -4.0, 0.0]"
1551189624700390753,,416,,1551189624,700004090,"""cf1/base_link""","[-1.0, -4.0, 0.0]"
1551189624720358856,,417,,1551189624,719996694,"""cf1/base_link""","[2.0, -10.0, 0.0]"
1551189624743065080,,418,,1551189624,742648797,"""cf1/base_link""","[0.0, -2.0, 0.0]"
1551189624759050848,,419,,1551189624,758699360,"""cf1/base_link""","[0.0, -6.0, 0.0]"
1551189624779247916,,420,,1551189624,778878939,"""cf1/base_link""","[1.0, -4.0, 0.0]"
1551189624799326154,,421,,1551189624,798961256,"""cf1/base_link""","[1.0, -3.0, 0.0]"
1551189624819584149,,422,,1551189624,819225959,"""cf1/base_link""","[0.0, -6.0, 0.0]"
1551189624839621971,,423,,1551189624,839255060,"""cf1/base_link""","[2.0, -5.0, 0.0]"
1551189624862250272,,424,,1551189624,861841256,"""cf1/base_link""","[2.0, -4.0, 0.0]"
1551189624880484575,,425,,1551189624,880116107,"""cf1/base_link""","[1.0, -2.0, 0.0]"
1551189624900480141,,426,,1551189624,900107332,"""cf1/base_link""","[0.0, -2.0, 0.0]"
1551189624918604720,,427,,1551189624,918242604,"""cf1/base_link""","[1.0, -6.0, 0.0]"
1551189624944979443,,428,,1551189624,944577036,"""cf1/base_link""","[2.0, -1.0, 0.0]"
1551189624961199147,,429,,1551189624,960842804,"""cf1/base_link""","[1.0, -3.0, 0.0]"
1551189624987710704,,430,,1551189624,987334765,"""cf1/base_link""","[2.0, -3.0, 0.0]"
1551189625002217027,,431,,1551189625,1842616,"""cf1/base_link""","[0.0, -1.0, 0.0]"
1551189625022956967,,432,,1551189625,22544485,"""cf1/base_link""","[2.0, -5.0, 0.0]"
1551189625039206592,,433,,1551189625,38817321,"""cf1/base_link""","[2.0, -3.0, 0.0]"
1551189625059351341,,434,,1551189625,58968530,"""cf1/base_link""","[1.0, -3.0, 0.0]"
1551189625079272853,,435,,1551189625,78970339,"""cf1/base_link""","[1.0, -4.0, 0.0]"
1551189625099379118,,436,,1551189625,98927174,"""cf1/base_link""","[0.0, -2.0, 0.0]"
1551189625123889644,,437,,1551189625,123487344,"""cf1/base_link""","[0.0, -2.0, 0.0]"
1551189625137982538,,438,,1551189625,137709898,"""cf1/base_link""","[0.0, 0.0, 0.0]"
1551189625158100203,,439,,1551189625,157716731,"""cf1/base_link""","[0.0, 0.0, 0.0]"
1551189625179944927,,440,,1551189625,179534978,"""cf1/base_link""","[-1.0, -1.0, 0.0]"
1551189625198252420,,441,,1551189625,197843790,"""cf1/base_link""","[0.0, -1.0, 0.0]"
1551189625220210048,,442,,1551189625,219808326,"""cf1/base_link""","[0.0, -1.0, 0.0]"
1551189625248476376,,443,,1551189625,248107431,"""cf1/base_link""","[-1.0, 0.0, 0.0]"
1551189625262685542,,444,,1551189625,262311362,"""cf1/base_link""","[0.0, 0.0, 0.0]"
1551189625278877337,,445,,1551189625,278501912,"""cf1/base_link""","[0.0, 0.0, 0.0]"
1551189625297056714,,446,,1551189625,296705476,"""cf1/base_link""","[-1.0, 0.0, 0.0]"
1551189625317201040,,447,,1551189625,316856833,"""cf1/base_link""","[-1.0, -1.0, 0.0]"
1551189625339747881,,448,,1551189625,339390688,"""cf1/base_link""","[-1.0, -2.0, 0.0]"
1551189625358277914,,449,,1551189625,357894945,"""cf1/base_link""","[0.0, 0.0, 0.0]"
1551189625383019392,,450,,1551189625,382693960,"""cf1/base_link""","[0.0, 0.0, 0.0]"
1551189625399493474,,451,,1551189625,399103824,"""cf1/base_link""","[0.0, 0.0, 0.0]"
1551189625417489058,,452,,1551189625,417093091,"""cf1/base_link""","[0.0, -2.0, 0.0]"
1551189625437565960,,453,,1551189625,437182729,"""cf1/base_link""","[-1.0, -1.0, 0.0]"
1551189625457422684,,454,,1551189625,457103985,"""cf1/base_link""","[-3.0, -1.0, 0.0]"
1551189625477432428,,455,,1551189625,477114011,"""cf1/base_link""","[-2.0, 0.0, 0.0]"
1551189625497788064,,456,,1551189625,497471826,"""cf1/base_link""","[0.0, -2.0, 0.0]"
1551189625520606396,,457,,1551189625,520219796,"""cf1/base_link""","[0.0, -3.0, 0.0]"
1551189625536748515,,458,,1551189625,536358321,"""cf1/base_link""","[0.0, -2.0, 0.0]"
1551189625557110949,,459,,1551189625,556718490,"""cf1/base_link""","[-1.0, -2.0, 0.0]"
1551189625577550657,,460,,1551189625,577167704,"""cf1/base_link""","[0.0, -2.0, 0.0]"
1551189625597726240,,461,,1551189625,597370765,"""cf1/base_link""","[-1.0, -4.0, 0.0]"
1551189625620061484,,462,,1551189625,619728391,"""cf1/base_link""","[-1.0, -3.0, 0.0]"
1551189625646756612,,463,,1551189625,646435187,"""cf1/base_link""","[0.0, -8.0, 0.0]"
1551189625667354120,,464,,1551189625,666994174,"""cf1/base_link""","[0.0, -5.0, 0.0]"
1551189625685702293,,465,,1551189625,685311250,"""cf1/base_link""","[-1.0, -4.0, 0.0]"
1551189625702112881,,466,,1551189625,701722877,"""cf1/base_link""","[-1.0, -5.0, 0.0]"
1551189625718308728,,467,,1551189625,717907755,"""cf1/base_link""","[0.0, -1.0, 0.0]"
1551189625736309184,,468,,1551189625,736035876,"""cf1/base_link""","[-1.0, -4.0, 0.0]"
1551189625756387046,,469,,1551189625,756028822,"""cf1/base_link""","[-1.0, -5.0, 0.0]"
1551189625780880944,,470,,1551189625,780497610,"""cf1/base_link""","[0.0, -6.0, 0.0]"
1551189625797124313,,471,,1551189625,796735334,"""cf1/base_link""","[0.0, -11.0, 0.0]"
1551189625819239929,,472,,1551189625,818969144,"""cf1/base_link""","[-1.0, -6.0, 0.0]"
1551189625835664523,,473,,1551189625,835315730,"""cf1/base_link""","[0.0, -6.0, 0.0]"
1551189625855752809,,474,,1551189625,855402828,"""cf1/base_link""","[1.0, -4.0, 0.0]"
1551189625878289865,,475,,1551189625,877957000,"""cf1/base_link""","[0.0, -4.0, 0.0]"
1551189625904850041,,476,,1551189625,904497605,"""cf1/base_link""","[1.0, -8.0, 0.0]"
1551189625919072608,,477,,1551189625,918739869,"""cf1/base_link""","[1.0, -2.0, 0.0]"
1551189625937228112,,478,,1551189625,936871762,"""cf1/base_link""","[0.0, -2.0, 0.0]"
1551189625955289528,,479,,1551189625,954917366,"""cf1/base_link""","[2.0, -2.0, 0.0]"
1551189625975190850,,480,,1551189625,974871625,"""cf1/base_link""","[0.0, -3.0, 0.0]"
1551189625995248808,,481,,1551189625,994904335,"""cf1/base_link""","[0.0, -7.0, 0.0]"
1551189626015410538,,482,,1551189626,15018034,"""cf1/base_link""","[0.0, -4.0, 0.0]"
1551189626039991730,,483,,1551189626,39674663,"""cf1/base_link""","[0.0, -4.0, 0.0]"
1551189626056111951,,484,,1551189626,55705000,"""cf1/base_link""","[-3.0, -4.0, 0.0]"
1551189626074462196,,485,,1551189626,74082810,"""cf1/base_link""","[0.0, -2.0, 0.0]"
1551189626096253097,,486,,1551189626,95868400,"""cf1/base_link""","[2.0, -4.0, 0.0]"
1551189626116450702,,487,,1551189626,116090733,"""cf1/base_link""","[0.0, -1.0, 0.0]"
1551189626134698247,,488,,1551189626,134346171,"""cf1/base_link""","[0.0, -1.0, 0.0]"
1551189626161328334,,489,,1551189626,160939448,"""cf1/base_link""","[0.0, -8.0, 0.0]"
1551189626177494482,,490,,1551189626,177126951,"""cf1/base_link""","[1.0, -1.0, 0.0]"
1551189626199710329,,491,,1551189626,199328912,"""cf1/base_link""","[1.0, -2.0, 0.0]"
1551189626216280969,,492,,1551189626,215905968,"""cf1/base_link""","[0.0, -2.0, 0.0]"
1551189626236471503,,493,,1551189626,236066137,"""cf1/base_link""","[0.0, -2.0, 0.0]"
1551189626254476798,,494,,1551189626,254097966,"""cf1/base_link""","[0.0, -6.0, 0.0]"
1551189626274211455,,495,,1551189626,273829085,"""cf1/base_link""","[0.0, -5.0, 0.0]"
1551189626296885497,,496,,1551189626,296517245,"""cf1/base_link""","[1.0, -3.0, 0.0]"
1551189626316818311,,497,,1551189626,316455222,"""cf1/base_link""","[0.0, -5.0, 0.0]"
1551189626341260554,,498,,1551189626,340854863,"""cf1/base_link""","[0.0, -5.0, 0.0]"
1551189626355462742,,499,,1551189626,355082686,"""cf1/base_link""","[0.0, -10.0, 0.0]"
1551189626375952734,,500,,1551189626,375541205,"""cf1/base_link""","[1.0, -5.0, 0.0]"
1551189626394144618,,501,,1551189626,393801048,"""cf1/base_link""","[-1.0, -3.0, 0.0]"
1551189626416913570,,502,,1551189626,416547462,"""cf1/base_link""","[0.0, -11.0, 0.0]"
1551189626435189058,,503,,1551189626,434871484,"""cf1/base_link""","[0.0, -6.0, 0.0]"
1551189626453268040,,504,,1551189626,452961903,"""cf1/base_link""","[-1.0, -10.0, 0.0]"
1551189626475365103,,505,,1551189626,474957997,"""cf1/base_link""","[0.0, -11.0, 0.0]"
1551189626493436452,,506,,1551189626,493039320,"""cf1/base_link""","[-1.0, -4.0, 0.0]"
1551189626513902984,,507,,1551189626,513378470,"""cf1/base_link""","[0.0, -4.0, 0.0]"
1551189626533899004,,508,,1551189626,533547495,"""cf1/base_link""","[-1.0, -11.0, 0.0]"
1551189626560888880,,509,,1551189626,560539930,"""cf1/base_link""","[-1.0, -5.0, 0.0]"
1551189626577297999,,510,,1551189626,576911255,"""cf1/base_link""","[-1.0, -7.0, 0.0]"
1551189626593716748,,511,,1551189626,593326728,"""cf1/base_link""","[-1.0, -9.0, 0.0]"
1551189626613715433,,512,,1551189626,613300652,"""cf1/base_link""","[-3.0, -8.0, 0.0]"
1551189626633708666,,513,,1551189626,633347707,"""cf1/base_link""","[0.0, -6.0, 0.0]"
1551189626654237275,,514,,1551189626,653859162,"""cf1/base_link""","[0.0, -7.0, 0.0]"
1551189626676843211,,515,,1551189626,676568491,"""cf1/base_link""","[0.0, -10.0, 0.0]"
1551189626693154264,,516,,1551189626,692750284,"""cf1/base_link""","[2.0, -9.0, 0.0]"
1551189626713336122,,517,,1551189626,712959561,"""cf1/base_link""","[2.0, -5.0, 0.0]"
1551189626733925861,,518,,1551189626,733546444,"""cf1/base_link""","[1.0, -5.0, 0.0]"
1551189626753808827,,519,,1551189626,753491595,"""cf1/base_link""","[2.0, -9.0, 0.0]"
1551189626773888889,,520,,1551189626,773544099,"""cf1/base_link""","[2.0, -1.0, 0.0]"
1551189626792166565,,521,,1551189626,791864557,"""cf1/base_link""","[1.0, -4.0, 0.0]"
1551189626816802347,,522,,1551189626,816503044,"""cf1/base_link""","[2.0, -4.0, 0.0]"
1551189626835078663,,523,,1551189626,834731342,"""cf1/base_link""","[0.0, -4.0, 0.0]"
1551189626853380801,,524,,1551189626,853126974,"""cf1/base_link""","[3.0, -7.0, 0.0]"
1551189626873749838,,525,,1551189626,873442055,"""cf1/base_link""","[3.0, -4.0, 0.0]"
1551189626891834238,,526,,1551189626,891454773,"""cf1/base_link""","[2.0, -2.0, 0.0]"
1551189626916157508,,527,,1551189626,915735284,"""cf1/base_link""","[2.0, -8.0, 0.0]"
1551189626942906152,,528,,1551189626,942519071,"""cf1/base_link""","[2.0, -3.0, 0.0]"
1551189626957184964,,529,,1551189626,956872854,"""cf1/base_link""","[1.0, -6.0, 0.0]"
1551189626973335502,,530,,1551189626,973016855,"""cf1/base_link""","[1.0, -7.0, 0.0]"
1551189626993232318,,531,,1551189626,992924771,"""cf1/base_link""","[1.0, -3.0, 0.0]"
1551189627011404203,,532,,1551189627,11026085,"""cf1/base_link""","[2.0, -7.0, 0.0]"
1551189627031173506,,533,,1551189627,30919696,"""cf1/base_link""","[0.0, -4.0, 0.0]"
1551189627059730773,,534,,1551189627,59350701,"""cf1/base_link""","[2.0, -3.0, 0.0]"
1551189627076045970,,535,,1551189627,75632349,"""cf1/base_link""","[1.0, -6.0, 0.0]"
1551189627092122842,,536,,1551189627,91735761,"""cf1/base_link""","[0.0, -4.0, 0.0]"
1551189627114265040,,537,,1551189627,113870604,"""cf1/base_link""","[2.0, -5.0, 0.0]"
1551189627132302638,,538,,1551189627,132080457,"""cf1/base_link""","[0.0, -3.0, 0.0]"
1551189627154795821,,539,,1551189627,154437787,"""cf1/base_link""","[1.0, -2.0, 0.0]"
1551189627171136489,,540,,1551189627,170786678,"""cf1/base_link""","[2.0, -6.0, 0.0]"
1551189627195863208,,541,,1551189627,195465536,"""cf1/base_link""","[0.0, -1.0, 0.0]"
1551189627212109130,,542,,1551189627,211756899,"""cf1/base_link""","[4.0, -6.0, 0.0]"
1551189627230336033,,543,,1551189627,229977587,"""cf1/base_link""","[0.0, -2.0, 0.0]"
1551189627250690330,,544,,1551189627,250304078,"""cf1/base_link""","[-1.0, -3.0, 0.0]"
1551189627272574898,,545,,1551189627,272201280,"""cf1/base_link""","[0.0, -4.0, 0.0]"
1551189627293030436,,546,,1551189627,292687617,"""cf1/base_link""","[0.0, -2.0, 0.0]"
1551189627321920044,,547,,1551189627,321593124,"""cf1/base_link""","[-1.0, -5.0, 0.0]"
1551189627336206484,,548,,1551189627,335859398,"""cf1/base_link""","[0.0, -4.0, 0.0]"
1551189627352202930,,549,,1551189627,351822844,"""cf1/base_link""","[0.0, -2.0, 0.0]"
1551189627372047728,,550,,1551189627,371631325,"""cf1/base_link""","[-1.0, -3.0, 0.0]"
1551189627392267098,,551,,1551189627,391904422,"""cf1/base_link""","[0.0, 0.0, 0.0]"
1551189627410419553,,552,,1551189627,410065588,"""cf1/base_link""","[0.0, -1.0, 0.0]"
1551189627430376598,,553,,1551189627,430056105,"""cf1/base_link""","[-3.0, -2.0, 0.0]"
1551189627455343442,,554,,1551189627,454956153,"""cf1/base_link""","[-3.0, -2.0, 0.0]"
1551189627476006729,,555,,1551189627,475693336,"""cf1/base_link""","[-1.0, 0.0, 0.0]"
1551189627494395378,,556,,1551189627,494082535,"""cf1/base_link""","[0.0, 0.0, 0.0]"
1551189627512592007,,557,,1551189627,512227686,"""cf1/base_link""","[0.0, -1.0, 0.0]"
1551189627532755120,,558,,1551189627,532406743,"""cf1/base_link""","[-4.0, -5.0, 0.0]"
1551189627551272985,,559,,1551189627,550879316,"""cf1/base_link""","[0.0, -3.0, 0.0]"
1551189627580095906,,560,,1551189627,579763654,"""cf1/base_link""","[-4.0, -4.0, 0.0]"
1551189627596471174,,561,,1551189627,596087723,"""cf1/base_link""","[-2.0, -2.0, 0.0]"
1551189627612787616,,562,,1551189627,612413785,"""cf1/base_link""","[-1.0, 0.0, 0.0]"
1551189627630953629,,563,,1551189627,630591830,"""cf1/base_link""","[0.0, -5.0, 0.0]"
1551189627650840068,,564,,1551189627,650442673,"""cf1/base_link""","[-1.0, 0.0, 0.0]"
1551189627670822932,,565,,1551189627,670470392,"""cf1/base_link""","[-3.0, -3.0, 0.0]"
1551189627690789119,,566,,1551189627,690413340,"""cf1/base_link""","[0.0, -2.0, 0.0]"
1551189627715564819,,567,,1551189627,715207653,"""cf1/base_link""","[0.0, -1.0, 0.0]"
1551189627731982795,,568,,1551189627,731597427,"""cf1/base_link""","[0.0, 0.0, 0.0]"
1551189627750598327,,569,,1551189627,750198562,"""cf1/base_link""","[0.0, 0.0, 0.0]"
1551189627770433825,,570,,1551189627,770144281,"""cf1/base_link""","[0.0, -2.0, 0.0]"
1551189627790363260,,571,,1551189627,789983051,"""cf1/base_link""","[-2.0, -5.0, 0.0]"
1551189627810260708,,572,,1551189627,809923929,"""cf1/base_link""","[0.0, -1.0, 0.0]"
1551189627840992145,,573,,1551189627,840597510,"""cf1/base_link""","[0.0, -1.0, 0.0]"
1551189627855216310,,574,,1551189627,854891612,"""cf1/base_link""","[2.0, 0.0, 0.0]"
1551189627869383134,,575,,1551189627,869023464,"""cf1/base_link""","[1.0, -2.0, 0.0]"
1551189627889290023,,576,,1551189627,888937026,"""cf1/base_link""","[1.0, -2.0, 0.0]"
1551189627909317416,,577,,1551189627,908942625,"""cf1/base_link""","[1.0, -3.0, 0.0]"
1551189627929412090,,578,,1551189627,929044946,"""cf1/base_link""","[0.0, -3.0, 0.0]"
1551189627949299671,,579,,1551189627,948916757,"""cf1/base_link""","[1.0, -2.0, 0.0]"
1551189627971934225,,580,,1551189627,971592494,"""cf1/base_link""","[0.0, -2.0, 0.0]"
1551189627988200322,,581,,1551189627,987776527,"""cf1/base_link""","[2.0, -4.0, 0.0]"
1551189628008065365,,582,,1551189628,7667896,"""cf1/base_link""","[2.0, -1.0, 0.0]"
1551189628034485445,,583,,1551189628,34176817,"""cf1/base_link""","[0.0, -2.0, 0.0]"
1551189628052900428,,584,,1551189628,52553096,"""cf1/base_link""","[1.0, -3.0, 0.0]"
1551189628068960632,,585,,1551189628,68587809,"""cf1/base_link""","[0.0, -2.0, 0.0]"
1551189628097444971,,586,,1551189628,97053503,"""cf1/base_link""","[1.0, -8.0, 0.0]"
1551189628113707755,,587,,1551189628,113295361,"""cf1/base_link""","[0.0, -3.0, 0.0]"
1551189628129987587,,588,,1551189628,129581118,"""cf1/base_link""","[0.0, -3.0, 0.0]"
1551189628148539659,,589,,1551189628,148133438,"""cf1/base_link""","[1.0, -8.0, 0.0]"
1551189628168688117,,590,,1551189628,168331552,"""cf1/base_link""","[0.0, -4.0, 0.0]"
1551189628188794297,,591,,1551189628,188430241,"""cf1/base_link""","[0.0, -8.0, 0.0]"
1551189628209296004,,592,,1551189628,208928670,"""cf1/base_link""","[0.0, -6.0, 0.0]"
1551189628238362246,,593,,1551189628,237967912,"""cf1/base_link""","[1.0, -6.0, 0.0]"
1551189628254681599,,594,,1551189628,254298942,"""cf1/base_link""","[1.0, -6.0, 0.0]"
1551189628271025505,,595,,1551189628,270670940,"""cf1/base_link""","[0.0, -4.0, 0.0]"
1551189628289160766,,596,,1551189628,288914731,"""cf1/base_link""","[0.0, -6.0, 0.0]"
1551189628311683864,,597,,1551189628,311324131,"""cf1/base_link""","[0.0, -5.0, 0.0]"
1551189628336671353,,598,,1551189628,336285278,"""cf1/base_link""","[1.0, -4.0, 0.0]"
1551189628365668200,,599,,1551189628,365279317,"""cf1/base_link""","[-2.0, -8.0, 0.0]"
1551189628379950953,,600,,1551189628,379585603,"""cf1/base_link""","[0.0, -3.0, 0.0]"
1551189628398481697,,601,,1551189628,398118749,"""cf1/base_link""","[0.0, -4.0, 0.0]"
1551189628414652334,,602,,1551189628,414304350,"""cf1/base_link""","[0.0, -3.0, 0.0]"
1551189628435334986,,603,,1551189628,434953800,"""cf1/base_link""","[0.0, -9.0, 0.0]"
1551189628449423959,,604,,1551189628,449154239,"""cf1/base_link""","[0.0, -5.0, 0.0]"
1551189628467722839,,605,,1551189628,467346503,"""cf1/base_link""","[0.0, -5.0, 0.0]"
1551189628494141586,,606,,1551189628,493770976,"""cf1/base_link""","[-2.0, -7.0, 0.0]"
1551189628510451488,,607,,1551189628,510094799,"""cf1/base_link""","[0.0, -5.0, 0.0]"
1551189628526577369,,608,,1551189628,526180002,"""cf1/base_link""","[0.0, -3.0, 0.0]"
1551189628546502620,,609,,1551189628,546147458,"""cf1/base_link""","[-1.0, -4.0, 0.0]"
1551189628566533412,,610,,1551189628,566203030,"""cf1/base_link""","[-2.0, -8.0, 0.0]"
1551189628588770622,,611,,1551189628,588372282,"""cf1/base_link""","[0.0, -5.0, 0.0]"
1551189628609080425,,612,,1551189628,608684430,"""cf1/base_link""","[-1.0, -6.0, 0.0]"
1551189628633681433,,613,,1551189628,633296447,"""cf1/base_link""","[-1.0, -5.0, 0.0]"
1551189628647867910,,614,,1551189628,647480094,"""cf1/base_link""","[0.0, -9.0, 0.0]"
1551189628667702762,,615,,1551189628,667354520,"""cf1/base_link""","[0.0, -10.0, 0.0]"
1551189628688322107,,616,,1551189628,687967296,"""cf1/base_link""","[0.0, -5.0, 0.0]"
1551189628708358947,,617,,1551189628,707961420,"""cf1/base_link""","[-2.0, -4.0, 0.0]"
1551189628726480174,,618,,1551189628,726130813,"""cf1/base_link""","[-1.0, -10.0, 0.0]"
1551189628751195801,,619,,1551189628,750816239,"""cf1/base_link""","[0.0, -11.0, 0.0]"
1551189628769361850,,620,,1551189628,769036013,"""cf1/base_link""","[0.0, -4.0, 0.0]"
1551189628787405539,,621,,1551189628,787022864,"""cf1/base_link""","[0.0, -5.0, 0.0]"
1551189628805658524,,622,,1551189628,805270110,"""cf1/base_link""","[3.0, -9.0, 0.0]"
1551189628825582996,,623,,1551189628,825255048,"""cf1/base_link""","[4.0, -8.0, 0.0]"
1551189628845922606,,624,,1551189628,845531341,"""cf1/base_link""","[2.0, -4.0, 0.0]"
1551189628868310287,,625,,1551189628,867924058,"""cf1/base_link""","[4.0, -4.0, 0.0]"
1551189628891111340,,626,,1551189628,890713837,"""cf1/base_link""","[0.0, -2.0, 0.0]"
1551189628911712697,,627,,1551189628,911329128,"""cf1/base_link""","[4.0, -6.0, 0.0]"
1551189628926023103,,628,,1551189628,925663097,"""cf1/base_link""","[2.0, -3.0, 0.0]"
1551189628946296638,,629,,1551189628,945917965,"""cf1/base_link""","[1.0, -4.0, 0.0]"
1551189628966406076,,630,,1551189628,966023481,"""cf1/base_link""","[2.0, -2.0, 0.0]"
1551189628986626676,,631,,1551189628,986263791,"""cf1/base_link""","[3.0, -6.0, 0.0]"
1551189629008988258,,632,,1551189629,8630610,"""cf1/base_link""","[1.0, -6.0, 0.0]"
1551189629025090222,,633,,1551189629,24699203,"""cf1/base_link""","[1.0, -3.0, 0.0]"
1551189629047251189,,634,,1551189629,46925511,"""cf1/base_link""","[0.0, -7.0, 0.0]"
1551189629065400654,,635,,1551189629,65044177,"""cf1/base_link""","[0.0, -8.0, 0.0]"
1551189629085487806,,636,,1551189629,85156850,"""cf1/base_link""","[0.0, -2.0, 0.0]"
1551189629107832403,,637,,1551189629,107509575,"""cf1/base_link""","[0.0, -5.0, 0.0]"
1551189629126179482,,638,,1551189629,125776896,"""cf1/base_link""","[1.0, -8.0, 0.0]"
1551189629148721743,,639,,1551189629,148375639,"""cf1/base_link""","[0.0, -4.0, 0.0]"
1551189629166935287,,640,,1551189629,166582478,"""cf1/base_link""","[0.0, -7.0, 0.0]"
1551189629185355764,,641,,1551189629,184959544,"""cf1/base_link""","[0.0, -3.0, 0.0]"
1551189629205370053,,642,,1551189629,204979191,"""cf1/base_link""","[-1.0, -3.0, 0.0]"
1551189629225093010,,643,,1551189629,224704337,"""cf1/base_link""","[-3.0, -9.0, 0.0]"
1551189629245260502,,644,,1551189629,244872058,"""cf1/base_link""","[-2.0, -2.0, 0.0]"
1551189629269880909,,645,,1551189629,269524347,"""cf1/base_link""","[-1.0, -3.0, 0.0]"
1551189629286200980,,646,,1551189629,285854104,"""cf1/base_link""","[-1.0, -4.0, 0.0]"
1551189629304330405,,647,,1551189629,303984973,"""cf1/base_link""","[-2.0, -4.0, 0.0]"
1551189629324399756,,648,,1551189629,324048943,"""cf1/base_link""","[-1.0, -6.0, 0.0]"
1551189629344683292,,649,,1551189629,344339501,"""cf1/base_link""","[-1.0, -4.0, 0.0]"
1551189629364774162,,650,,1551189629,364425486,"""cf1/base_link""","[-1.0, -4.0, 0.0]"
1551189629384944065,,651,,1551189629,384541301,"""cf1/base_link""","[0.0, -3.0, 0.0]"
1551189629409592663,,652,,1551189629,409235424,"""cf1/base_link""","[0.0, -3.0, 0.0]"
1551189629426035164,,653,,1551189629,425644124,"""cf1/base_link""","[-1.0, -5.0, 0.0]"
1551189629444324102,,654,,1551189629,443933942,"""cf1/base_link""","[-2.0, -1.0, 0.0]"
1551189629464516993,,655,,1551189629,464165893,"""cf1/base_link""","[0.0, -1.0, 0.0]"
1551189629484442635,,656,,1551189629,484108948,"""cf1/base_link""","[-1.0, -4.0, 0.0]"
1551189629504358813,,657,,1551189629,503965524,"""cf1/base_link""","[-1.0, 0.0, 0.0]"
1551189629526722154,,658,,1551189629,526393526,"""cf1/base_link""","[0.0, -4.0, 0.0]"
1551189629544907423,,659,,1551189629,544528228,"""cf1/base_link""","[0.0, -2.0, 0.0]"
1551189629562965043,,660,,1551189629,562589337,"""cf1/base_link""","[-2.0, 0.0, 0.0]"
1551189629585250151,,661,,1551189629,584880172,"""cf1/base_link""","[-2.0, -3.0, 0.0]"
1551189629603265799,,662,,1551189629,602979261,"""cf1/base_link""","[-1.0, -1.0, 0.0]"
1551189629625253874,,663,,1551189629,624941582,"""cf1/base_link""","[2.0, -3.0, 0.0]"
1551189629643652951,,664,,1551189629,643245961,"""cf1/base_link""","[1.0, -1.0, 0.0]"
1551189629666250859,,665,,1551189629,665861012,"""cf1/base_link""","[1.0, -3.0, 0.0]"
1551189629684439175,,666,,1551189629,684078978,"""cf1/base_link""","[1.0, -4.0, 0.0]"
1551189629702725589,,667,,1551189629,702338035,"""cf1/base_link""","[0.0, -3.0, 0.0]"
1551189629722514370,,668,,1551189629,722164401,"""cf1/base_link""","[0.0, -4.0, 0.0]"
1551189629742416414,,669,,1551189629,742091557,"""cf1/base_link""","[0.0, -7.0, 0.0]"
1551189629764657831,,670,,1551189629,764308062,"""cf1/base_link""","[1.0, -2.0, 0.0]"
1551189629789487632,,671,,1551189629,789134226,"""cf1/base_link""","[3.0, -4.0, 0.0]"
1551189629808047901,,672,,1551189629,807620880,"""cf1/base_link""","[2.0, -3.0, 0.0]"
1551189629837082422,,673,,1551189629,836695054,"""cf1/base_link""","[1.0, -1.0, 0.0]"
1551189629853486922,,674,,1551189629,853092925,"""cf1/base_link""","[0.0, -5.0, 0.0]"
1551189629867818506,,675,,1551189629,867421947,"""cf1/base_link""","[0.0, -3.0, 0.0]"
1551189629885850329,,676,,1551189629,885476966,"""cf1/base_link""","[0.0, -3.0, 0.0]"
1551189629901866796,,677,,1551189629,901492161,"""cf1/base_link""","[2.0, -4.0, 0.0]"
1551189629934758410,,678,,1551189629,934395908,"""cf1/base_link""","[0.0, -3.0, 0.0]"
1551189629957395877,,679,,1551189629,957024079,"""cf1/base_link""","[0.0, -4.0, 0.0]"
1551189629971502994,,680,,1551189629,971106862,"""cf1/base_link""","[0.0, -2.0, 0.0]"
1551189629985742081,,681,,1551189629,985374082,"""cf1/base_link""","[0.0, 0.0, 0.0]"
1551189630001786443,,682,,1551189630,1430233,"""cf1/base_link""","[0.0, -3.0, 0.0]"
1551189630021488344,,683,,1551189630,21140542,"""cf1/base_link""","[1.0, -3.0, 0.0]"
1551189630054132591,,684,,1551189630,53739326,"""cf1/base_link""","[1.0, -5.0, 0.0]"
1551189630087433722,,685,,1551189630,87040003,"""cf1/base_link""","[0.0, -3.0, 0.0]"
1551189630101557210,,686,,1551189630,101158940,"""cf1/base_link""","[0.0, -2.0, 0.0]"
1551189630115697601,,687,,1551189630,115361303,"""cf1/base_link""","[-1.0, -4.0, 0.0]"
1551189630131932363,,688,,1551189630,131555151,"""cf1/base_link""","[2.0, -3.0, 0.0]"
1551189630150238262,,689,,1551189630,149875419,"""cf1/base_link""","[2.0, -2.0, 0.0]"
1551189630164477613,,690,,1551189630,164072706,"""cf1/base_link""","[0.0, 0.0, 0.0]"
1551189630193296933,,691,,1551189630,192994320,"""cf1/base_link""","[-1.0, 0.0, 0.0]"
1551189630209428057,,692,,1551189630,209170963,"""cf1/base_link""","[-2.0, -5.0, 0.0]"
1551189630225567521,,693,,1551189630,225163448,"""cf1/base_link""","[0.0, -2.0, 0.0]"
1551189630243824303,,694,,1551189630,243407091,"""cf1/base_link""","[0.0, -2.0, 0.0]"
1551189630261961189,,695,,1551189630,261579641,"""cf1/base_link""","[1.0, -1.0, 0.0]"
1551189630281927633,,696,,1551189630,281544644,"""cf1/base_link""","[0.0, 0.0, 0.0]"
1551189630310590056,,697,,1551189630,310246464,"""cf1/base_link""","[0.0, -2.0, 0.0]"
1551189630324821359,,698,,1551189630,324493913,"""cf1/base_link""","[-1.0, -2.0, 0.0]"
1551189630343357330,,699,,1551189630,343039544,"""cf1/base_link""","[0.0, -2.0, 0.0]"
1551189630361737989,,700,,1551189630,361347804,"""cf1/base_link""","[-1.0, -2.0, 0.0]"
1551189630380062294,,701,,1551189630,379700025,"""cf1/base_link""","[1.0, -2.0, 0.0]"
1551189630400273507,,702,,1551189630,399940466,"""cf1/base_link""","[0.0, -4.0, 0.0]"
1551189630420866384,,703,,1551189630,420517064,"""cf1/base_link""","[0.0, -2.0, 0.0]"
1551189630443833397,,704,,1551189630,443523525,"""cf1/base_link""","[-2.0, -2.0, 0.0]"
1551189630460378597,,705,,1551189630,460032259,"""cf1/base_link""","[-3.0, -5.0, 0.0]"
1551189630480561613,,706,,1551189630,480207650,"""cf1/base_link""","[0.0, -2.0, 0.0]"
1551189630511709011,,707,,1551189630,511345355,"""cf1/base_link""","[1.0, -6.0, 0.0]"
1551189630526163401,,708,,1551189630,525789321,"""cf1/base_link""","[0.0, -2.0, 0.0]"
1551189630542875487,,709,,1551189630,542479920,"""cf1/base_link""","[-3.0, -3.0, 0.0]"
1551189630571918010,,710,,1551189630,571538458,"""cf1/base_link""","[-4.0, -5.0, 0.0]"
1551189630586267061,,711,,1551189630,585975349,"""cf1/base_link""","[-1.0, -3.0, 0.0]"
1551189630600864365,,712,,1551189630,600500036,"""cf1/base_link""","[0.0, -4.0, 0.0]"
1551189630619086230,,713,,1551189630,618755473,"""cf1/base_link""","[0.0, -3.0, 0.0]"
1551189630639529563,,714,,1551189630,639127153,"""cf1/base_link""","[-1.0, -5.0, 0.0]"
1551189630659997154,,715,,1551189630,659595955,"""cf1/base_link""","[-3.0, -6.0, 0.0]"
1551189630684342126,,716,,1551189630,683947323,"""cf1/base_link""","[-2.0, -6.0, 0.0]"
1551189630709110755,,717,,1551189630,708776080,"""cf1/base_link""","[0.0, -4.0, 0.0]"
1551189630725749158,,718,,1551189630,725366043,"""cf1/base_link""","[-3.0, -9.0, 0.0]"
1551189630740029642,,719,,1551189630,739649156,"""cf1/base_link""","[-2.0, -5.0, 0.0]"
1551189630760625343,,720,,1551189630,760271506,"""cf1/base_link""","[-2.0, -8.0, 0.0]"
1551189630778776407,,721,,1551189630,778450557,"""cf1/base_link""","[-2.0, -4.0, 0.0]"
1551189630798565565,,722,,1551189630,798254615,"""cf1/base_link""","[-2.0, -3.0, 0.0]"
1551189630827409488,,723,,1551189630,827035744,"""cf1/base_link""","[-3.0, -10.0, 0.0]"
1551189630841769954,,724,,1551189630,841431834,"""cf1/base_link""","[0.0, -4.0, 0.0]"
1551189630860603231,,725,,1551189630,860239050,"""cf1/base_link""","[-2.0, -10.0, 0.0]"
1551189630878672512,,726,,1551189630,878306641,"""cf1/base_link""","[-1.0, -4.0, 0.0]"
1551189630899169965,,727,,1551189630,898845387,"""cf1/base_link""","[-1.0, -5.0, 0.0]"
1551189630919610152,,728,,1551189630,919269143,"""cf1/base_link""","[-1.0, -11.0, 0.0]"
1551189630940162802,,729,,1551189630,939766902,"""cf1/base_link""","[-1.0, -6.0, 0.0]"
1551189630963016498,,730,,1551189630,962679919,"""cf1/base_link""","[1.0, -6.0, 0.0]"
1551189630979289776,,731,,1551189630,978921683,"""cf1/base_link""","[0.0, -5.0, 0.0]"
1551189630999404679,,732,,1551189630,999024674,"""cf1/base_link""","[-1.0, -5.0, 0.0]"
1551189631019344827,,733,,1551189631,18949366,"""cf1/base_link""","[2.0, -9.0, 0.0]"
1551189631039122111,,734,,1551189631,38740385,"""cf1/base_link""","[0.0, -5.0, 0.0]"
1551189631058996307,,735,,1551189631,58654828,"""cf1/base_link""","[1.0, -4.0, 0.0]"
1551189631085794063,,736,,1551189631,85422772,"""cf1/base_link""","[3.0, -9.0, 0.0]"
1551189631104511056,,737,,1551189631,104141233,"""cf1/base_link""","[2.0, -4.0, 0.0]"
1551189631120958980,,738,,1551189631,120572862,"""cf1/base_link""","[3.0, -7.0, 0.0]"
1551189631161287646,,739,,1551189631,160898732,"""cf1/base_link""","[0.0, -6.0, 0.0]"
1551189631175834501,,740,,1551189631,175438422,"""cf1/base_link""","[0.0, -3.0, 0.0]"
1551189631192481068,,741,,1551189631,192100513,"""cf1/base_link""","[1.0, -8.0, 0.0]"
1551189631219570488,,742,,1551189631,219220541,"""cf1/base_link""","[0.0, -3.0, 0.0]"
1551189631234127479,,743,,1551189631,233734284,"""cf1/base_link""","[2.0, -4.0, 0.0]"
1551189631248508663,,744,,1551189631,248123873,"""cf1/base_link""","[0.0, -2.0, 0.0]"
1551189631264904704,,745,,1551189631,264552615,"""cf1/base_link""","[2.0, -4.0, 0.0]"
1551189631281430702,,746,,1551189631,281048229,"""cf1/base_link""","[0.0, -9.0, 0.0]"
1551189631297610244,,747,,1551189631,297222590,"""cf1/base_link""","[1.0, -2.0, 0.0]"
1551189631319865646,,748,,1551189631,319474975,"""cf1/base_link""","[1.0, -4.0, 0.0]"
1551189631337970483,,749,,1551189631,337623409,"""cf1/base_link""","[0.0, -4.0, 0.0]"
1551189631365181624,,750,,1551189631,364833010,"""cf1/base_link""","[2.0, -3.0, 0.0]"
1551189631381743782,,751,,1551189631,381451108,"""cf1/base_link""","[-1.0, -8.0, 0.0]"
1551189631398317893,,752,,1551189631,397962651,"""cf1/base_link""","[0.0, -4.0, 0.0]"
1551189631418235522,,753,,1551189631,417916390,"""cf1/base_link""","[1.0, -5.0, 0.0]"
1551189631438472440,,754,,1551189631,438142016,"""cf1/base_link""","[1.0, -8.0, 0.0]"
1551189631456733112,,755,,1551189631,456361172,"""cf1/base_link""","[2.0, -4.0, 0.0]"
1551189631484090273,,756,,1551189631,483703841,"""cf1/base_link""","[2.0, -7.0, 0.0]"
1551189631498450136,,757,,1551189631,498084927,"""cf1/base_link""","[0.0, -4.0, 0.0]"
1551189631536225235,,758,,1551189631,535907655,"""cf1/base_link""","[0.0, -3.0, 0.0]"
1551189631552874051,,759,,1551189631,552496006,"""cf1/base_link""","[1.0, -6.0, 0.0]"
1551189631567282372,,760,,1551189631,566892565,"""cf1/base_link""","[1.0, -3.0, 0.0]"
1551189631587703224,,761,,1551189631,587288312,"""cf1/base_link""","[2.0, -7.0, 0.0]"
1551189631613064767,,762,,1551189631,612631035,"""cf1/base_link""","[2.0, -4.0, 0.0]"
1551189631627249579,,763,,1551189631,626863245,"""cf1/base_link""","[0.0, -2.0, 0.0]"
1551189631641546220,,764,,1551189631,641194797,"""cf1/base_link""","[1.0, -7.0, 0.0]"
1551189631664280412,,765,,1551189631,663880449,"""cf1/base_link""","[1.0, -5.0, 0.0]"
1551189631680668061,,766,,1551189631,680320282,"""cf1/base_link""","[0.0, -4.0, 0.0]"
1551189631697003295,,767,,1551189631,696606221,"""cf1/base_link""","[0.0, -3.0, 0.0]"
1551189631715436132,,768,,1551189631,715037005,"""cf1/base_link""","[-3.0, -7.0, 0.0]"
1551189631742037033,,769,,1551189631,741630282,"""cf1/base_link""","[-7.0, -13.0, 0.0]"
1551189631756585307,,770,,1551189631,756202339,"""cf1/base_link""","[-6.0, -8.0, 0.0]"
1551189631776777291,,771,,1551189631,776460857,"""cf1/base_link""","[-2.0, -11.0, 0.0]"
1551189631795168120,,772,,1551189631,794823813,"""cf1/base_link""","[0.0, -15.0, 0.0]"
1551189631819464331,,773,,1551189631,819148926,"""cf1/base_link""","[6.0, -19.0, 0.0]"
1551189631836084183,,774,,1551189631,835701188,"""cf1/base_link""","[16.0, -47.0, 0.0]"
1551189631856632593,,775,,1551189631,856251759,"""cf1/base_link""","[6.0, -21.0, 0.0]"
1551189631881528032,,776,,1551189631,881177118,"""cf1/base_link""","[1.0, -15.0, 0.0]"
1551189631896158946,,777,,1551189631,895746025,"""cf1/base_link""","[-1.0, -17.0, 0.0]"
1551189631916579067,,778,,1551189631,916192847,"""cf1/base_link""","[0.0, -3.0, 0.0]"
1551189631934949208,,779,,1551189631,934600364,"""cf1/base_link""","[5.0, 12.0, 0.0]"
1551189631955431540,,780,,1551189631,955061789,"""cf1/base_link""","[7.0, 29.0, 0.0]"
1551189631975619120,,781,,1551189631,975266730,"""cf1/base_link""","[9.0, 41.0, 0.0]"
1551189632000582720,,782,,1551189632,217499,"""cf1/base_link""","[2.0, 20.0, 0.0]"
1551189632018658469,,783,,1551189632,18303770,"""cf1/base_link""","[-2.0, 19.0, 0.0]"
1551189632035018012,,784,,1551189632,34662223,"""cf1/base_link""","[-2.0, 14.0, 0.0]"
1551189632055276668,,785,,1551189632,54922674,"""cf1/base_link""","[0.0, 11.0, 0.0]"
1551189632075551867,,786,,1551189632,75178397,"""cf1/base_link""","[5.0, 11.0, 0.0]"
1551189632096054809,,787,,1551189632,95725759,"""cf1/base_link""","[7.0, 22.0, 0.0]"
1551189632114407378,,788,,1551189632,114010508,"""cf1/base_link""","[0.0, 11.0, 0.0]"
1551189632141374863,,789,,1551189632,141017530,"""cf1/base_link""","[-6.0, 10.0, 0.0]"
1551189632155833088,,790,,1551189632,155480880,"""cf1/base_link""","[-6.0, 9.0, 0.0]"
1551189632174350446,,791,,1551189632,174040716,"""cf1/base_link""","[-12.0, 6.0, 0.0]"
1551189632196807702,,792,,1551189632,196419754,"""cf1/base_link""","[-27.0, 7.0, 0.0]"
1551189632215021883,,793,,1551189632,214642952,"""cf1/base_link""","[-16.0, 3.0, 0.0]"
1551189632235135794,,794,,1551189632,234805415,"""cf1/base_link""","[-17.0, 1.0, 0.0]"
1551189632265805518,,795,,1551189632,265420843,"""cf1/base_link""","[-35.0, 4.0, 0.0]"
1551189632280066587,,796,,1551189632,279697123,"""cf1/base_link""","[-16.0, 2.0, 0.0]"
1551189632294452601,,797,,1551189632,294061724,"""cf1/base_link""","[-12.0, 0.0, 0.0]"
1551189632314700890,,798,,1551189632,314351805,"""cf1/base_link""","[-6.0, 0.0, 0.0]"
1551189632335000946,,799,,1551189632,334641185,"""cf1/base_link""","[-2.0, 0.0, 0.0]"
1551189632355126199,,800,,1551189632,354740637,"""cf1/base_link""","[4.0, 1.0, 0.0]"
1551189632375426320,,801,,1551189632,375065495,"""cf1/base_link""","[15.0, 1.0, 0.0]"
1551189632398425503,,802,,1551189632,398011653,"""cf1/base_link""","[25.0, 2.0, 0.0]"
1551189632416928729,,803,,1551189632,416568840,"""cf1/base_link""","[33.0, 0.0, 0.0]"
1551189632435540143,,804,,1551189632,435159410,"""cf1/base_link""","[39.0, -1.0, 0.0]"
1551189632455829801,,805,,1551189632,455493736,"""cf1/base_link""","[81.0, -6.0, 0.0]"
1551189632476229294,,806,,1551189632,475836783,"""cf1/base_link""","[90.0, -9.0, 0.0]"
1551189632494300859,,807,,1551189632,493985258,"""cf1/base_link""","[72.0, -11.0, 0.0]"
1551189632512752069,,808,,1551189632,512356725,"""cf1/base_link""","[38.0, -8.0, 0.0]"
1551189632534917565,,809,,1551189632,534527097,"""cf1/base_link""","[34.0, -7.0, 0.0]"
1551189632552486601,,810,,1551189632,552096204,"""cf1/base_link""","[25.0, -9.0, 0.0]"
1551189632574718823,,811,,1551189632,574329907,"""cf1/base_link""","[22.0, -7.0, 0.0]"
1551189632594935463,,812,,1551189632,594542891,"""cf1/base_link""","[16.0, -8.0, 0.0]"
1551189632613106195,,813,,1551189632,612720336,"""cf1/base_link""","[10.0, -6.0, 0.0]"
1551189632632892728,,814,,1551189632,632536681,"""cf1/base_link""","[5.0, -5.0, 0.0]"
1551189632657576353,,815,,1551189632,657285573,"""cf1/base_link""","[16.0, 9.0, 0.0]"
1551189632675881689,,816,,1551189632,675497287,"""cf1/base_link""","[16.0, 9.0, 0.0]"
1551189632696391937,,817,,1551189632,696004775,"""cf1/base_link""","[12.0, 5.0, 0.0]"
1551189632712544303,,818,,1551189632,712177491,"""cf1/base_link""","[2.0, 0.0, 0.0]"
1551189632732506861,,819,,1551189632,732102521,"""cf1/base_link""","[4.0, 2.0, 0.0]"
1551189632752402543,,820,,1551189632,752011687,"""cf1/base_link""","[7.0, -9.0, 0.0]"
1551189632772552430,,821,,1551189632,772181277,"""cf1/base_link""","[0.0, -8.0, 0.0]"
1551189632801360385,,822,,1551189632,800973816,"""cf1/base_link""","[13.0, 5.0, 0.0]"
1551189632815615342,,823,,1551189632,815258323,"""cf1/base_link""","[5.0, 3.0, 0.0]"
1551189632833620562,,824,,1551189632,833229338,"""cf1/base_link""","[10.0, 14.0, 0.0]"
1551189632853660925,,825,,1551189632,853252480,"""cf1/base_link""","[0.0, 1.0, 0.0]"
1551189632874024823,,826,,1551189632,873672823,"""cf1/base_link""","[5.0, 9.0, 0.0]"
1551189632892334987,,827,,1551189632,892007311,"""cf1/base_link""","[-8.0, -4.0, 0.0]"
1551189632914607742,,828,,1551189632,914266504,"""cf1/base_link""","[-4.0, 4.0, 0.0]"
1551189632934797226,,829,,1551189632,934515669,"""cf1/base_link""","[-5.0, -2.0, 0.0]"
1551189632953338060,,830,,1551189632,952995586,"""cf1/base_link""","[-4.0, -4.0, 0.0]"
1551189632971655843,,831,,1551189632,971297113,"""cf1/base_link""","[-11.0, 0.0, 0.0]"
1551189632991950622,,832,,1551189632,991535697,"""cf1/base_link""","[0.0, 0.0, 0.0]"
1551189633012205323,,833,,1551189633,11830180,"""cf1/base_link""","[0.0, -10.0, 0.0]"
1551189633040970458,,834,,1551189633,40582331,"""cf1/base_link""","[-5.0, -3.0, 0.0]"
1551189633055004481,,835,,1551189633,54728746,"""cf1/base_link""","[20.0, -14.0, 0.0]"
1551189633073331027,,836,,1551189633,73065528,"""cf1/base_link""","[-30.0, 10.0, 0.0]"
1551189633091451790,,837,,1551189633,91059163,"""cf1/base_link""","[-33.0, 24.0, 0.0]"
1551189633111714165,,838,,1551189633,111325215,"""cf1/base_link""","[-12.0, 24.0, 0.0]"
1551189633131550467,,839,,1551189633,131165119,"""cf1/base_link""","[2.0, 0.0, 0.0]"
1551189633151372838,,840,,1551189633,151005853,"""cf1/base_link""","[-30.0, 31.0, 0.0]"
1551189633177843978,,841,,1551189633,177459842,"""cf1/base_link""","[-4.0, 5.0, 0.0]"
1551189633194271804,,842,,1551189633,193920640,"""cf1/base_link""","[5.0, -5.0, 0.0]"
1551189633212474115,,843,,1551189633,212106405,"""cf1/base_link""","[0.0, 13.0, 0.0]"
1551189633230665747,,844,,1551189633,230281840,"""cf1/base_link""","[-2.0, -5.0, 0.0]"
1551189633252461585,,845,,1551189633,252110567,"""cf1/base_link""","[3.0, 4.0, 0.0]"
1551189633272539007,,846,,1551189633,272178956,"""cf1/base_link""","[0.0, 16.0, 0.0]"
1551189633303605459,,847,,1551189633,303231868,"""cf1/base_link""","[15.0, 17.0, 0.0]"
1551189633321791543,,848,,1551189633,321402531,"""cf1/base_link""","[-21.0, 0.0, 0.0]"
1551189633342339250,,849,,1551189633,341927253,"""cf1/base_link""","[-5.0, 15.0, 0.0]"
1551189633356706414,,850,,1551189633,356339710,"""cf1/base_link""","[-2.0, 3.0, 0.0]"
1551189633373082061,,851,,1551189633,372763465,"""cf1/base_link""","[-57.0, -9.0, 0.0]"
1551189633391373996,,852,,1551189633,390986643,"""cf1/base_link""","[-20.0, -6.0, 0.0]"
1551189633411447171,,853,,1551189633,411088242,"""cf1/base_link""","[-6.0, 7.0, 0.0]"
1551189633434244999,,854,,1551189633,433849417,"""cf1/base_link""","[-16.0, -7.0, 0.0]"
1551189633450798859,,855,,1551189633,450425565,"""cf1/base_link""","[-10.0, -8.0, 0.0]"
1551189633471471772,,856,,1551189633,471112546,"""cf1/base_link""","[15.0, -27.0, 0.0]"
1551189633490144095,,857,,1551189633,489793916,"""cf1/base_link""","[10.0, -7.0, 0.0]"
1551189633510440542,,858,,1551189633,510079283,"""cf1/base_link""","[5.0, -6.0, 0.0]"
1551189633534246289,,859,,1551189633,533987397,"""cf1/base_link""","[6.0, -8.0, 0.0]"
1551189633560951092,,860,,1551189633,560623474,"""cf1/base_link""","[-18.0, 0.0, 0.0]"
1551189633576977974,,861,,1551189633,576621447,"""cf1/base_link""","[26.0, 7.0, 0.0]"
1551189633591157735,,862,,1551189633,590792781,"""cf1/base_link""","[0.0, 0.0, 0.0]"
1551189633611102385,,863,,1551189633,610782838,"""cf1/base_link""","[4.0, -15.0, 0.0]"
1551189633631480356,,864,,1551189633,631132822,"""cf1/base_link""","[-32.0, -16.0, 0.0]"
1551189633654071029,,865,,1551189633,653712239,"""cf1/base_link""","[-42.0, -17.0, 0.0]"
1551189633670432499,,866,,1551189633,670052216,"""cf1/base_link""","[-47.0, -19.0, 0.0]"
1551189633695247484,,867,,1551189633,694900637,"""cf1/base_link""","[-48.0, -18.0, 0.0]"
1551189633711580595,,868,,1551189633,711205659,"""cf1/base_link""","[-58.0, -20.0, 0.0]"
1551189633729452613,,869,,1551189633,729132869,"""cf1/base_link""","[-122.0, 13.0, 0.0]"
1551189633753635444,,870,,1551189633,753252946,"""cf1/base_link""","[-112.0, -24.0, 0.0]"
1551189633769252342,,871,,1551189633,768680893,"""cf1/base_link""","[-85.0, -64.0, 0.0]"
1551189633788908054,,872,,1551189633,788567628,"""cf1/base_link""","[-65.0, -63.0, 0.0]"
1551189633817581610,,873,,1551189633,817172394,"""cf1/base_link""","[-21.0, -56.0, 0.0]"
1551189633831745204,,874,,1551189633,831356746,"""cf1/base_link""","[-42.0, -89.0, 0.0]"
1551189633850002456,,875,,1551189633,849604725,"""cf1/base_link""","[-24.0, -48.0, 0.0]"
1551189633869932036,,876,,1551189633,869554206,"""cf1/base_link""","[-16.0, -43.0, 0.0]"
1551189633889728814,,877,,1551189633,889403977,"""cf1/base_link""","[-27.0, -48.0, 0.0]"
1551189633909024106,,878,,1551189633,908733538,"""cf1/base_link""","[-29.0, -10.0, 0.0]"
1551189633929145025,,879,,1551189633,928994007,"""cf1/base_link""","[0.0, -1.0, 0.0]"
1551189633950939252,,880,,1551189633,950762676,"""cf1/base_link""","[-4.0, 10.0, 0.0]"
1551189633968345102,,881,,1551189633,968159630,"""cf1/base_link""","[-23.0, 17.0, 0.0]"
1551189633995986468,,882,,1551189633,995704617,"""cf1/base_link""","[-15.0, 6.0, 0.0]"
1551189634014199418,,883,,1551189634,13903763,"""cf1/base_link""","[10.0, -7.0, 0.0]"
1551189634028576919,,884,,1551189634,28183321,"""cf1/base_link""","[-18.0, -63.0, 0.0]"
1551189634048472707,,885,,1551189634,48087204,"""cf1/base_link""","[-46.0, -50.0, 0.0]"
1551189634068441007,,886,,1551189634,68055245,"""cf1/base_link""","[-7.0, -5.0, 0.0]"
1551189634091070437,,887,,1551189634,90709673,"""cf1/base_link""","[0.0, -1.0, 0.0]"
1551189634109008619,,888,,1551189634,108636865,"""cf1/base_link""","[4.0, 6.0, 0.0]"
1551189634130709614,,889,,1551189634,130324642,"""cf1/base_link""","[0.0, 0.0, 0.0]"
1551189634148794068,,890,,1551189634,148408602,"""cf1/base_link""","[7.0, 7.0, 0.0]"
1551189634168807172,,891,,1551189634,168461673,"""cf1/base_link""","[4.0, 0.0, 0.0]"
1551189634188907179,,892,,1551189634,188519081,"""cf1/base_link""","[0.0, 0.0, 0.0]"
1551189634213448210,,893,,1551189634,213130859,"""cf1/base_link""","[6.0, 16.0, 0.0]"
1551189634231335751,,894,,1551189634,230986187,"""cf1/base_link""","[-21.0, 0.0, 0.0]"
1551189634247311199,,895,,1551189634,247011006,"""cf1/base_link""","[-2.0, 4.0, 0.0]"
1551189634267327645,,896,,1551189634,266961649,"""cf1/base_link""","[-2.0, -3.0, 0.0]"
1551189634287480194,,897,,1551189634,287093233,"""cf1/base_link""","[-12.0, 5.0, 0.0]"
1551189634309374937,,898,,1551189634,309066319,"""cf1/base_link""","[9.0, 6.0, 0.0]"
1551189634327577991,,899,,1551189634,327194668,"""cf1/base_link""","[17.0, 1.0, 0.0]"
1551189634352485086,,900,,1551189634,352121769,"""cf1/base_link""","[14.0, 0.0, 0.0]"
1551189634368747645,,901,,1551189634,368357590,"""cf1/base_link""","[-1.0, -3.0, 0.0]"
1551189634387330054,,902,,1551189634,386977779,"""cf1/base_link""","[3.0, 0.0, 0.0]"
1551189634407612441,,903,,1551189634,407268728,"""cf1/base_link""","[4.0, -3.0, 0.0]"
1551189634427978475,,904,,1551189634,427624832,"""cf1/base_link""","[0.0, 0.0, 0.0]"
1551189634447227225,,905,,1551189634,447021396,"""cf1/base_link""","[-3.0, 2.0, 0.0]"
1551189634474014784,,906,,1551189634,473844614,"""cf1/base_link""","[-1.0, 1.0, 0.0]"
1551189634487314434,,907,,1551189634,487144051,"""cf1/base_link""","[0.0, 0.0, 0.0]"
1551189634506026663,,908,,1551189634,505872050,"""cf1/base_link""","[0.0, -1.0, 0.0]"
1551189634527030174,,909,,1551189634,526782040,"""cf1/base_link""","[1.0, -1.0, 0.0]"
1551189634546043446,,910,,1551189634,545883036,"""cf1/base_link""","[-1.0, 0.0, 0.0]"
1551189634566919654,,911,,1551189634,566702611,"""cf1/base_link""","[-1.0, 0.0, 0.0]"
1551189634586895551,,912,,1551189634,586545156,"""cf1/base_link""","[0.0, 0.0, 0.0]"
1551189634609368146,,913,,1551189634,609057428,"""cf1/base_link""","[0.0, -2.0, 0.0]"
1551189634627546946,,914,,1551189634,627193508,"""cf1/base_link""","[4.0, -1.0, 0.0]"
1551189634645627368,,915,,1551189634,645226748,"""cf1/base_link""","[-1.0, 0.0, 0.0]"
1551189634665901471,,916,,1551189634,665518589,"""cf1/base_link""","[0.0, 2.0, 0.0]"
1551189634685991418,,917,,1551189634,685596863,"""cf1/base_link""","[0.0, 0.0, 0.0]"
1551189634705983126,,918,,1551189634,705585424,"""cf1/base_link""","[0.0, -1.0, 0.0]"
1551189634730502132,,919,,1551189634,730125555,"""cf1/base_link""","[2.0, -2.0, 0.0]"
1551189634746445187,,920,,1551189634,746112213,"""cf1/base_link""","[-1.0, 1.0, 0.0]"
1551189634766324859,,921,,1551189634,765934333,"""cf1/base_link""","[0.0, 1.0, 0.0]"
1551189634786334362,,922,,1551189634,785974499,"""cf1/base_link""","[-1.0, 0.0, 0.0]"
1551189634806333940,,923,,1551189634,805943219,"""cf1/base_link""","[0.0, 0.0, 0.0]"
1551189634826347813,,924,,1551189634,826000063,"""cf1/base_link""","[0.0, -1.0, 0.0]"
1551189634857335576,,925,,1551189634,856360868,"""cf1/base_link""","[0.0, 0.0, 0.0]"
1551189634875145972,,926,,1551189634,874785767,"""cf1/base_link""","[0.0, 1.0, 0.0]"
1551189634889521830,,927,,1551189634,889150968,"""cf1/base_link""","[0.0, 0.0, 0.0]"
1551189634905659930,,928,,1551189634,905264394,"""cf1/base_link""","[0.0, -1.0, 0.0]"
1551189634925543924,,929,,1551189634,925153925,"""cf1/base_link""","[0.0, 0.0, 0.0]"
1551189634945353964,,930,,1551189634,945002759,"""cf1/base_link""","[0.0, 0.0, 0.0]"
1551189634965587291,,931,,1551189634,965198867,"""cf1/base_link""","[0.0, 0.0, 0.0]"
1551189634988322265,,932,,1551189634,987936270,"""cf1/base_link""","[0.0, -1.0, 0.0]"
1551189635006564211,,933,,1551189635,6181655,"""cf1/base_link""","[0.0, 0.0, 0.0]"
1551189635024674690,,934,,1551189635,24326940,"""cf1/base_link""","[0.0, 0.0, 0.0]"
1551189635044661153,,935,,1551189635,44308464,"""cf1/base_link""","[0.0, 0.0, 0.0]"
1551189635064741725,,936,,1551189635,64359405,"""cf1/base_link""","[0.0, 0.0, 0.0]"
1551189635084552924,,937,,1551189635,84190316,"""cf1/base_link""","[0.0, 0.0, 0.0]"
1551189635104605681,,938,,1551189635,104209037,"""cf1/base_link""","[0.0, 0.0, 0.0]"
1551189635127176999,,939,,1551189635,126829629,"""cf1/base_link""","[0.0, 0.0, 0.0]"
1551189635145537107,,940,,1551189635,145138110,"""cf1/base_link""","[0.0, 0.0, 0.0]"
1551189635165383215,,941,,1551189635,165056057,"""cf1/base_link""","[0.0, 1.0, 0.0]"
1551189635187632231,,942,,1551189635,187245513,"""cf1/base_link""","[0.0, 1.0, 0.0]"
1551189635205746937,,943,,1551189635,205365610,"""cf1/base_link""","[0.0, 1.0, 0.0]"
1551189635223765417,,944,,1551189635,223384615,"""cf1/base_link""","[0.0, -1.0, 0.0]"
1551189635248308201,,945,,1551189635,247976115,"""cf1/base_link""","[0.0, 1.0, 0.0]"
1551189635264305405,,946,,1551189635,263902132,"""cf1/base_link""","[0.0, -1.0, 0.0]"
1551189635284362752,,947,,1551189635,283982452,"""cf1/base_link""","[0.0, 0.0, 0.0]"
1551189635304609667,,948,,1551189635,304237872,"""cf1/base_link""","[0.0, 0.0, 0.0]"
1551189635324540188,,949,,1551189635,324157459,"""cf1/base_link""","[0.0, 0.0, 0.0]"
1551189635344603829,,950,,1551189635,344251747,"""cf1/base_link""","[0.0, -2.0, 0.0]"
1551189635364938665,,951,,1551189635,364538097,"""cf1/base_link""","[0.0, 0.0, 0.0]"
1551189635387902017,,952,,1551189635,387502506,"""cf1/base_link""","[0.0, 0.0, 0.0]"
1551189635403853091,,953,,1551189635,403493457,"""cf1/base_link""","[0.0, 0.0, 0.0]"
1551189635424353487,,954,,1551189635,423978223,"""cf1/base_link""","[0.0, 1.0, 0.0]"
1551189635444552159,,955,,1551189635,444177185,"""cf1/base_link""","[0.0, 0.0, 0.0]"
1551189635464655756,,956,,1551189635,464295405,"""cf1/base_link""","[0.0, 0.0, 0.0]"
1551189635483145091,,957,,1551189635,482822638,"""cf1/base_link""","[0.0, 0.0, 0.0]"
1551189635505795469,,958,,1551189635,505440750,"""cf1/base_link""","[0.0, 0.0, 0.0]"
1551189635524002962,,959,,1551189635,523644658,"""cf1/base_link""","[0.0, -1.0, 0.0]"
1551189635543930402,,960,,1551189635,543536788,"""cf1/base_link""","[0.0, 0.0, 0.0]"
