rosbagTimestamp,data
1553088641884459904,1.0
1553088641885029605,1.0
1553088641885746111,1.0
1553088641887805881,44.0
1553088641888542111,44.0
1553088641889340021,44.0
1553088641890071787,44.0
1553088641890843688,215.0
1553088641891519913,215.0
1553088641893099439,1.0
1553088641893719715,1.0
1553088641895030556,1.0
1553088641897112862,54.0
1553088641897873839,54.0
1553088641898593979,54.0
1553088641899548705,208.0
1553088641900222378,208.0
1553088641902302946,2.0
1553088641903038630,2.0
1553088641903727382,2.0
1553088641904401685,2.0
1553088641905131216,2.0
1553088641907210495,64.0
1553088641907997474,215.0
1553088641908724375,215.0
1553088641910231413,2.0
1553088641910963558,2.0
1553088641922162960,70.0
1553088641924223043,74.0
1553088641924940142,74.0
1553088641927098006,84.0
1553088641928245561,84.0
1553088641928969979,84.0
1553088641929663480,84.0
1553088641933267079,90.0
1553088641933950771,90.0
1553088641934617805,90.0
1553088641935278918,90.0
1553088641937322242,215.0
1553088641938008524,215.0
1553088641939441819,3.0
1553088641940082871,3.0
1553088641940794233,3.0
1553088641941458050,3.0
1553088641942110569,3.0
1553088641942765919,3.0
1553088641943426838,3.0
1553088641944061529,3.0
1553088641944896090,215.0
1553088641945567213,215.0
1553088641948327154,6.0
1553088641948981420,6.0
1553088641950719379,108.0
1553088641951384939,108.0
1553088641953243891,110.0
1553088641954585226,215.0
1553088641955275816,215.0
1553088641964769807,5.0
1553088641965404444,5.0
1553088641967437198,124.0
1553088641968112148,124.0
1553088641970615198,215.0
1553088641971623249,215.0
1553088641974001643,215.0
1553088641974940051,215.0
1553088641978509710,215.0
1553088641980761224,215.0
1553088641981767402,215.0
1553088641982749011,215.0
1553088641983789025,215.0
1553088641984790091,215.0
1553088641987378180,215.0
1553088641988332300,215.0
1553088641989213265,215.0
1553088641991574519,215.0
1553088641993942977,215.0
1553088641995027227,215.0
1553088641997587054,215.0
1553088641998577023,215.0
1553088642000944804,215.0
1553088642001967041,215.0
1553088642003000104,215.0
1553088642003996707,215.0
1553088642005015683,215.0
1553088642007600267,215.0
1553088642008567356,215.0
1553088642009504069,215.0
1553088642011800816,215.0
1553088642014122518,215.0
1553088642015024577,215.0
1553088642017562583,215.0
1553088642018547123,215.0
1553088642020970110,215.0
1553088642021887164,215.0
1553088642022899827,215.0
1553088642023894377,215.0
1553088642024822982,215.0
1553088642027496855,215.0
1553088642028402026,215.0
1553088642030239450,215.0
1553088642034026373,215.0
1553088642034998536,215.0
1553088642037443486,215.0
1553088642038391705,215.0
1553088642040727298,215.0
1553088642041731373,215.0
1553088642042743264,215.0
1553088642043706441,215.0
1553088642059602255,215.0
1553088642064629453,215.0
1553088642067236612,215.0
1553088642068296776,215.0
1553088642069286188,215.0
1553088642073012904,215.0
1553088642073986251,215.0
1553088642074947652,215.0
1553088642077755642,215.0
1553088642078718957,215.0
1553088642081105171,215.0
1553088642082192473,215.0
1553088642082788919,1.0
1553088642084719811,0.0
1553088642088910514,0.0
1553088642095164413,0.0
1553088642101837305,0.0
1553088642103686068,0.0
1553088642105479238,0.0
1553088642109852308,0.0
1553088642118615309,0.0
1553088642122645964,0.0
1553088642124499413,0.0
1553088642128857241,0.0
1553088642135368455,0.0
1553088642142207174,0.0
1553088642144231494,0.0
1553088642148666130,0.0
1553088642155152262,0.0
1553088642161898300,0.0
1553088642163857225,0.0
1553088642168263428,0.0
1553088642174771435,0.0
1553088642189151701,0.0
1553088642205007479,0.0
1553088642209434008,0.0
1553088642219108218,1.0
1553088642219911466,1.0
1553088642222814118,0.0
1553088642223545566,0.0
1553088642224336788,0.0
1553088642225229286,0.0
1553088642227482924,128.0
1553088642228297777,128.0
1553088642234751144,0.0
1553088642241094300,141.0
1553088642242698634,0.0
1553088642243645633,0.0
1553088642244200369,0.0
1553088642244981807,0.0
1553088642247248922,148.0
1553088642248067471,148.0
1553088642248863493,148.0
1553088642255275504,0.0
1553088642261438533,161.0
1553088642263010962,0.0
1553088642263641961,0.0
1553088642264411819,0.0
1553088642266550619,168.0
1553088642267372637,168.0
1553088642268176341,168.0
1553088642268965236,168.0
1553088642275289300,0.0
1553088642281444138,0.0
1553088642282181022,0.0
1553088642283066830,0.0
1553088642283654430,0.0
1553088642284391033,0.0
1553088642286598198,188.0
1553088642287397394,188.0
1553088642289307144,0.0
1553088642295602292,0.0
1553088642301667801,0.0
1553088642302346842,0.0
1553088642303267861,0.0
1553088642304020198,0.0
1553088642304856917,0.0
1553088642306912352,208.0
1553088642307669051,208.0
1553088642321293925,214.0
1553088642324720160,221.0
1553088642326833759,228.0
1553088642327639576,228.0
1553088642328363698,228.0
1553088642330446936,232.0
1553088642331257529,232.0
1553088642334067575,0.0
1553088642334773530,0.0
1553088642337006325,238.0
1553088642337733293,238.0
1553088642339531515,241.0
1553088642341480738,0.0
1553088642343454201,0.0
1553088642345141668,0.0
1553088642350136107,215.0
1553088642350928833,215.0
1553088642354758880,0.0
1553088642356884749,2.0
1553088642357665510,2.0
1553088642359626500,5.0
1553088642361564828,0.0
1553088642363412841,0.0
1553088642367742074,0.0
1553088642371453316,16.0
1553088642374282251,0.0
1553088642381095317,25.0
1553088642383186763,0.0
1553088642385021591,0.0
1553088642389513870,0.0
1553088642398424517,0.0
1553088642402719791,0.0
1553088642404564662,0.0
1553088642408822056,0.0
1553088642415265913,0.0
1553088642421969556,0.0
1553088642423956375,0.0
1553088642428386036,0.0
1553088642434932781,0.0
1553088642462189574,0.0
1553088642464135341,0.0
1553088642468678052,0.0
1553088642475313184,0.0
1553088642482104251,0.0
1553088642484053591,0.0
1553088642488576406,0.0
1553088642495233879,0.0
1553088642501963282,0.0
1553088642503919627,0.0
1553088642508378535,0.0
1553088642514733096,0.0
1553088642521419440,0.0
1553088642523374830,0.0
1553088642527761799,0.0
1553088642534224330,0.0
1553088642541107206,0.0
1553088642543142005,0.0
1553088642544965636,0.0
1553088642549425815,0.0
1553088642558362668,0.0
1553088642562496190,0.0
1553088642564347033,0.0
1553088642579221289,0.0
1553088642602537624,0.0
1553088642604465908,0.0
1553088642609060986,0.0
1553088642617990057,0.0
1553088642622189817,0.0
1553088642624256114,0.0
1553088642628642144,0.0
1553088642637682598,0.0
1553088642642018425,0.0
1553088642643858818,0.0
1553088642648470041,0.0
1553088642659572513,0.0
1553088642663749774,0.0
1553088642668455649,0.0
1553088642674981422,0.0
1553088642681844080,0.0
1553088642683718973,0.0
1553088642688123934,0.0
1553088642694534143,0.0
1553088642721406002,0.0
1553088642723216397,0.0
1553088642727590436,0.0
1553088642734092555,0.0
1553088642740722296,0.0
1553088642742606200,0.0
1553088642746974934,0.0
1553088642760382821,0.0
1553088642762329252,0.0
1553088642764227315,0.0
1553088642768807057,0.0
1553088642777742808,0.0
1553088642781910645,0.0
1553088642783861392,0.0
1553088642788335338,0.0
1553088642797590462,0.0
1553088642801896565,0.0
1553088642803841906,0.0
1553088642808266549,0.0
1553088642817309102,0.0
1553088642821508708,0.0
1553088642823405653,0.0
1553088642848241020,0.0
1553088642857154016,0.0
1553088642861565491,0.0
1553088642863337652,0.0
1553088642867845435,0.0
1553088642874564697,0.0
1553088642881211691,0.0
1553088642883211566,0.0
1553088642887735539,0.0
1553088642894376265,0.0
1553088642900936847,0.0
1553088642902883898,0.0
1553088642907531914,0.0
1553088642913854042,0.0
1553088642920608196,0.0
1553088642922498548,0.0
1553088642927019087,0.0
1553088642933355267,0.0
1553088642940153233,0.0
1553088642942033617,0.0
1553088642946489382,0.0
1553088642953157782,0.0
1553088642984330154,0.0
1553088642993499954,0.0
1553088643000180020,0.0
1553088643002121415,0.0
1553088643006585426,0.0
1553088643015246938,0.0
1553088643021925722,0.0
1553088643026381107,0.0
1553088643032772603,0.0
1553088643039417980,0.0
1553088643043664433,0.0
1553088643048222246,0.0
1553088643059722295,0.0
1553088643061486225,0.0
1553088643063290960,0.0
1553088643067573709,0.0
1553088643076673287,0.0
1553088643080882772,0.0
1553088643082938665,0.0
1553088643121761866,0.0
1553088643123636021,0.0
1553088643128238792,0.0
1553088643136985670,0.0
1553088643140987331,0.0
1553088643142920213,0.0
1553088643147430583,0.0
1553088643153770386,0.0
1553088643160483635,0.0
1553088643162393128,0.0
1553088643168712431,0.0
1553088643180117874,0.0
1553088643181985078,0.0
1553088643186469316,0.0
1553088643193147811,0.0
1553088643199972771,0.0
1553088643201869215,0.0
1553088643206328090,0.0
1553088643212871072,0.0
1553088643228056613,0.0
1553088643242181980,0.0
1553088643246723084,0.0
1553088643253393320,0.0
1553088643260247474,0.0
1553088643262296154,0.0
1553088643266881573,0.0
1553088643273373279,0.0
1553088643279966789,0.0
1553088643281912235,0.0
1553088643286307632,0.0
1553088643292737444,0.0
1553088643299418435,0.0
1553088643301358828,0.0
1553088643305940292,0.0
1553088643312416821,0.0
1553088643319023267,0.0
1553088643320881709,0.0
1553088643322693286,0.0
1553088643327230014,0.0
1553088643336288762,0.0
1553088643340586027,0.0
1553088643342549691,0.0
1553088643346957364,0.0
1553088643380655106,0.0
1553088643382501944,0.0
1553088643386785442,0.0
1553088643393168941,0.0
1553088643399919020,0.0
1553088643422213939,41.0
1553088643426870901,0.0
1553088643430327282,52.0
1553088643523023650,0.0
1553088643532362785,0.0
1553088643538960053,0.0
1553088643540996907,0.0
1553088643545482162,0.0
1553088643552026274,0.0
1553088643556364280,0.0
1553088643560448371,0.0
1553088643562368976,0.0
1553088643566942776,0.0
1553088643576197989,0.0
1553088643580384832,0.0
1553088643582306277,0.0
1553088643586717443,0.0
1553088643595724779,0.0
1553088643600035815,0.0
1553088643601854033,0.0
1553088643606366475,0.0
1553088643640363476,0.0
1553088643642247131,0.0
1553088643646877354,0.0
1553088643655899307,0.0
1553088643660114229,0.0
1553088643661876927,0.0
1553088643666520217,0.0
1553088643675558148,0.0
1553088643679655018,0.0
1553088643681734697,0.0
1553088643686250147,0.0
1553088643695385396,0.0
1553088643699604915,0.0
1553088643701503341,0.0
1553088643706072103,0.0
1553088643712539118,0.0
1553088643719181663,0.0
1553088643721056537,0.0
1553088643725538337,0.0
1553088643731934311,0.0
1553088643749261209,0.0
1553088643765400780,0.0
1553088643771777504,0.0
1553088643778439611,0.0
1553088643780276478,0.0
1553088643784971582,0.0
1553088643793300285,0.0
1553088643799900780,0.0
1553088643801792500,0.0
1553088643806452844,0.0
1553088643815501058,0.0
1553088643819647049,0.0
1553088643821550448,0.0
1553088643826023162,0.0
1553088643835264112,0.0
1553088643839380737,0.0
1553088643841275477,0.0
1553088643845843489,0.0
1553088643859343687,0.0
1553088643861303366,0.0
1553088643874166196,0.0
1553088643895319294,0.0
1553088643899345284,0.0
1553088643901291073,0.0
1553088643905750157,0.0
1553088643914357383,0.0
1553088643921076472,0.0
1553088643925469323,0.0
1553088643932154001,0.0
1553088643938718137,0.0
1553088643940575748,0.0
1553088643945175743,0.0
1553088643951778874,0.0
1553088643958439625,0.0
1553088643960628834,0.0
1553088643964991523,0.0
1553088643971596294,0.0
1553088643978417460,0.0
1553088643980329915,0.0
1553088643984930599,0.0
1553088643991580440,0.0
1553088644018706926,0.0
1553088644020639558,0.0
1553088644025254623,0.0
1553088644034463532,0.0
1553088644038753764,0.0
1553088644040685345,0.0
1553088644045248990,0.0
1553088644054435164,0.0
1553088644058689474,0.0
1553088644060563953,0.0
1553088644065050559,0.0
1553088644071558393,0.0
1553088644078322274,0.0
1553088644080410953,0.0
1553088644086846012,0.0
1553088644098236266,0.0
1553088644100055862,0.0
1553088644104553698,0.0
1553088644111091359,0.0
1553088644117720878,0.0
1553088644119725717,0.0
1553088644124305097,0.0
1553088644151151623,0.0
1553088644157960048,0.0
1553088644159853639,0.0
1553088644164384359,0.0
1553088644177867860,0.0
1553088644179766850,0.0
1553088644184268823,0.0
1553088644190869795,0.0
1553088644197742850,0.0
1553088644199639885,0.0
1553088644204181414,0.0
1553088644210671365,0.0
1553088644219601197,0.0
1553088644224139694,0.0
1553088644230732422,0.0
1553088644239427745,0.0
1553088644243854094,0.0
1553088644250296994,0.0
1553088644267427604,0.0
1553088644299433740,0.0
1553088644303915979,0.0
1553088644317252745,0.0
1553088644321309441,0.0
1553088644330309568,0.0
1553088644336961562,0.0
1553088644338874516,0.0
1553088644340887556,0.0
1553088644345252308,0.0
1553088644354407142,0.0
1553088644358591614,0.0
1553088644360545096,0.0
1553088644364912722,0.0
1553088644375972971,0.0
1553088644380182237,0.0
1553088644384593262,0.0
1553088644418456327,0.0
1553088644420350967,0.0
1553088644424803422,0.0
1553088644438153959,0.0
1553088644440295272,0.0
1553088644444891573,0.0
1553088644453923409,0.0
1553088644458229533,0.0
1553088644460288719,0.0
1553088644478523110,0.0
1553088644482602213,0.0
1553088644496474551,0.0
1553088644498369293,0.0
1553088644500296172,0.0
1553088644504805519,0.0
1553088644513857264,0.0
1553088644518249991,0.0
1553088644528617965,0.0
1553088644545310368,0.0
1553088644558645503,0.0
1553088644563230917,0.0
1553088644569838298,0.0
1553088644574282714,0.0
1553088644578286848,0.0
1553088644580304476,0.0
1553088644584910340,0.0
1553088644594119950,0.0
1553088644598252139,0.0
1553088644600106497,0.0
1553088644606736697,0.0
1553088644617956587,0.0
1553088644619933920,0.0
1553088644626721380,0.0
1553088644638106807,0.0
1553088644640005240,0.0
1553088644644437712,0.0
1553088644689234632,0.0
1553088644693481156,0.0
1553088644697508182,0.0
1553088644699387748,0.0
1553088644703881490,0.0
1553088644710312043,0.0
1553088644717036225,0.0
1553088644718809969,0.0
1553088644723356830,0.0
1553088644729904596,0.0
1553088644736666512,0.0
1553088644738546117,0.0
1553088644743096825,0.0
1553088644756381358,0.0
1553088644758258006,0.0
1553088644762770725,0.0
1553088644771309647,0.0
1553088644818592383,0.0
1553088644823191143,0.0
1553088644829520887,0.0
1553088644836403241,0.0
1553088644838398429,0.0
1553088644842797804,0.0
1553088644849310992,0.0
1553088644856050723,0.0
1553088644857917607,0.0
1553088644864629217,0.0
1553088644876079239,0.0
1553088644877981153,0.0
1553088644882550370,0.0
1553088644911333350,0.0
1553088644936835265,0.0
1553088644938818176,0.0
1553088644943345909,0.0
1553088644949860162,0.0
1553088644956571109,0.0
1553088644958441078,0.0
1553088644962970771,0.0
1553088644969446232,0.0
1553088644976093057,0.0
1553088644980009450,0.0
1553088644989143165,0.0
1553088644995900012,0.0
1553088644997795138,0.0
1553088645002180192,0.0
1553088645008862726,0.0
1553088645015600520,0.0
1553088645017364454,0.0
1553088645019383129,0.0
1553088645023950698,0.0
1553088645032801352,0.0
1553088645057264213,0.0
1553088645059260861,0.0
1553088645063773673,0.0
1553088645072904175,0.0
1553088645076970709,0.0
1553088645078896342,0.0
1553088645083519352,0.0
1553088645092585276,0.0
1553088645096820417,0.0
1553088645098751421,0.0
1553088645103319136,0.0
1553088645112301213,0.0
1553088645116504277,0.0
1553088645118271598,0.0
1553088645122926811,0.0
1553088645138665274,0.0
1553088645143082872,0.0
1553088645152331585,0.0
1553088645156466311,0.0
1553088645160321879,0.0
1553088645177693638,0.0
1553088645200674423,0.0
1553088645212403961,0.0
1553088645218601251,0.0
1553088645225132741,0.0
1553088645245194822,0.0
1553088645258526427,0.0
1553088645263052908,0.0
1553088645274309445,0.0
1553088645278441302,0.0
1553088645284893628,0.0
1553088645296249895,0.0
1553088645306604152,0.0
1553088645323143491,0.0
1553088645334510399,0.0
1553088645338504635,0.0
1553088645342926225,0.0
1553088645352118884,0.0
1553088645356273035,0.0
1553088645358007336,0.0
1553088645362473275,0.0
1553088645368992538,0.0
1553088645375864380,0.0
1553088645377734502,0.0
1553088645382262046,0.0
1553088645388851489,0.0
1553088645397528227,0.0
1553088645401984151,0.0
1553088645408600767,0.0
1553088645415443455,0.0
1553088645419457882,0.0
1553088645438820264,0.0
1553088645457861874,0.0
1553088645462371572,0.0
1553088645471531540,0.0
1553088645475680454,0.0
1553088645477627077,0.0
1553088645481869869,0.0
1553088645488621890,0.0
1553088645497577103,0.0
1553088645502048611,0.0
1553088645508447072,0.0
1553088645515218483,0.0
1553088645516944601,0.0
1553088645521344287,0.0
1553088645527880809,0.0
1553088645534640337,0.0
1553088645536515296,0.0
1553088645541095943,0.0
1553088645547563260,0.0
1553088645564763855,0.0
1553088645581119343,0.0
1553088645587711199,0.0
1553088645598307952,0.0
1553088645602785949,0.0
1553088645616351342,0.0
1553088645620832996,0.0
1553088645627510549,0.0
1553088645634361375,0.0
1553088645636217578,0.0
1553088645640743970,0.0
1553088645647320970,0.0
1553088645654339177,0.0
1553088645656242710,0.0
1553088645662875469,0.0
1553088645674385196,0.0
1553088645676260525,0.0
1553088645680730906,0.0
1553088645709928090,0.0
1553088645716743100,0.0
1553088645721347066,0.0
1553088645730047871,0.0
1553088645736659708,0.0
1553088645741320248,0.0
1553088645747901167,0.0
1553088645754626669,0.0
1553088645756406910,0.0
1553088645761049356,0.0
1553088645767500432,0.0
1553088645774301802,0.0
1553088645776269242,0.0
1553088645780887919,0.0
1553088645791489189,0.0
1553088645801006634,0.0
1553088645807697210,0.0
1553088645835048971,0.0
1553088645836757325,0.0
1553088645841478733,0.0
1553088645850739234,0.0
1553088645854925042,0.0
1553088645856762266,0.0
1553088645863294023,0.0
1553088645874685521,0.0
1553088645876399141,0.0
1553088645880989596,0.0
1553088645887544539,0.0
1553088645894544426,0.0
1553088645896383742,0.0
1553088645901062744,0.0
1553088645907741753,0.0
1553088645914549124,0.0
1553088645916389258,0.0
1553088645923015118,0.0
1553088645934233727,0.0
1553088645936177129,0.0
1553088645951263581,0.0
1553088645975012111,0.0
1553088645976804197,0.0
1553088645981367345,0.0
1553088645990507368,0.0
1553088645994813961,0.0
1553088645996611883,0.0
1553088646003331648,0.0
1553088646014694070,0.0
1553088646016479237,0.0
1553088646021070037,0.0
1553088646027708035,0.0
1553088646034717431,0.0
1553088646036577740,0.0
1553088646041143848,0.0
1553088646050243530,0.0
1553088646054481316,0.0
1553088646056214728,0.0
1553088646060801770,0.0
1553088646067379143,0.0
1553088646084594262,0.0
1553088646110441323,0.0
1553088646114710222,0.0
1553088646116881074,0.0
1553088646121119318,0.0
1553088646134379693,0.0
1553088646141032647,0.0
1553088646154490258,0.0
1553088646156280078,0.0
1553088646160901882,0.0
1553088646176584710,0.0
1553088646180961334,0.0
1553088646192235413,0.0
1553088646196425744,0.0
1553088646209287909,0.0
1553088646230252980,0.0
1553088646234550271,0.0
1553088646236322986,0.0
1553088646240708387,0.0
1553088646254082385,0.0
1553088646260709473,0.0
1553088646269880073,0.0
1553088646274131717,0.0
1553088646275900630,0.0
1553088646280403340,0.0
1553088646286971676,0.0
1553088646293740917,0.0
1553088646295624330,0.0
1553088646300059949,0.0
1553088646306781975,0.0
1553088646313789774,0.0
1553088646315590568,0.0
1553088646320057045,0.0
1553088646335218926,0.0
1553088646354163762,0.0
1553088646356074612,0.0
1553088646360560239,0.0
1553088646369744592,0.0
1553088646373949340,0.0
1553088646375847533,0.0
1553088646380285402,0.0
1553088646389461405,0.0
1553088646393745922,0.0
1553088646395669860,0.0
1553088646400104859,0.0
1553088646406609047,0.0
1553088646413470679,0.0
1553088646417330483,0.0
1553088646426418104,0.0
1553088646435308912,0.0
1553088646439696598,0.0
1553088646446325954,0.0
1553088646463317500,0.0
1553088646479929176,0.0
1553088646486335963,0.0
1553088646492986383,0.0
1553088646494878387,0.0
1553088646499353970,0.0
1553088646505887445,0.0
1553088646512689647,0.0
1553088646514517292,0.0
1553088646519048380,0.0
1553088646525611778,0.0
1553088646532361768,0.0
1553088646534412941,0.0
1553088646536161447,0.0
1553088646542719342,0.0
1553088646554144924,0.0
1553088646555934574,0.0
1553088646560546682,0.0
1553088646569701044,0.0
1553088646573924014,0.0
1553088646575768369,0.0
1553088646580304502,0.0
1553088646612470652,0.0
1553088646614388144,0.0
1553088646621026482,0.0
1553088646632458518,0.0
1553088646634414887,0.0
1553088646638856048,0.0
1553088646645502400,0.0
1553088646652393350,0.0
1553088646654282653,0.0
1553088646660795369,0.0
1553088646672365497,0.0
1553088646674341663,0.0
1553088646678692630,0.0
1553088646685208305,0.0
1553088646691943636,0.0
1553088646694009003,0.0
1553088646698405012,0.0
1553088646704996636,0.0
1553088646734052323,0.0
1553088646738490963,0.0
1553088646745065915,0.0
1553088646751808228,0.0
1553088646753675844,0.0
1553088646755592089,0.0
1553088646760242138,0.0
1553088646771554756,0.0
1553088646773461709,0.0
1553088646775322041,0.0
1553088646779711786,0.0
1553088646788946157,0.0
1553088646793161438,0.0
1553088646795077685,0.0
1553088646799545089,0.0
1553088646810695805,0.0
1553088646814920149,0.0
1553088646819298472,0.0
1553088646828439299,0.0
1553088646832751207,0.0
1553088646842993224,0.0
1553088646859464808,0.0
1553088646868632526,0.0
1553088646874911493,0.0
1553088646876740663,0.0
1553088646888493482,0.0
1553088646892669872,0.0
1553088646894645419,0.0
1553088646901182092,0.0
1553088646912504674,0.0
1553088646914392698,0.0
1553088646918812472,0.0
1553088646925301699,0.0
1553088646932215749,0.0
1553088646934148976,0.0
1553088646938499201,0.0
1553088646945143646,0.0
1553088646952135175,0.0
1553088646953905847,0.0
1553088646960346316,0.0
1553088646992102817,0.0
1553088646993983558,0.0
1553088647000382825,0.0
1553088647011613668,0.0
1553088647013468938,0.0
1553088647017738071,0.0
1553088647024394603,0.0
1553088647031393269,0.0
1553088647033335398,0.0
1553088647037658534,0.0
1553088647044235972,0.0
1553088647051128292,0.0
1553088647052997719,0.0
1553088647054851274,0.0
1553088647059216753,0.0
1553088647074863067,0.0
1553088647079414502,0.0
1553088647088508490,0.0
1553088647113314451,0.0
1553088647117923529,0.0
1553088647124255918,0.0
1553088647130991535,0.0
1553088647132839058,0.0
1553088647137156534,0.0
1553088647150584283,0.0
1553088647154822214,0.0
1553088647159217584,0.0
1553088647168342436,0.0
1553088647172495861,0.0
1553088647174455727,0.0
1553088647178817128,0.0
1553088647187966068,0.0
1553088647192148426,0.0
1553088647194041420,0.0
1553088647198567360,0.0
1553088647212467945,0.0
1553088647214468588,0.0
1553088647227343807,0.0
1553088647252991064,0.0
1553088647257274375,0.0
1553088647263948215,0.0
1553088647270751549,0.0
1553088647272689222,0.0
1553088647277040569,0.0
1553088647287596124,0.0
1553088647296419689,0.0
1553088647310589509,0.0
1553088647312519885,0.0
1553088647316884935,0.0
1553088647325588739,0.0
1553088647332429172,0.0
1553088647338945792,0.0
1553088647383905544,0.0
1553088647390699888,0.0
1553088647392591205,0.0
1553088647396873833,0.0
1553088647403476707,0.0
1553088647410332303,0.0
1553088647412288552,0.0
1553088647414176252,0.0
1553088647418573817,0.0
1553088647427553708,0.0
1553088647431757732,0.0
1553088647433687723,0.0
1553088647437909817,0.0
1553088647447094783,0.0
1553088647451378368,0.0
1553088647453246422,0.0
1553088647457575006,0.0
1553088647464217535,0.0
1553088647470949409,0.0
1553088647472864576,0.0
1553088647513219369,0.0
1553088647517458726,0.0
1553088647523793854,0.0
1553088647530741350,0.0
1553088647534770043,0.0
1553088647550579305,0.0
1553088647552508105,0.0
1553088647561111702,0.0
1553088647572541431,0.0
1553088647577001176,0.0
1553088647592604268,0.0
1553088647597029400,0.0
1553088647631215059,0.0
1553088647633175756,0.0
1553088647637647844,0.0
1553088647651206374,0.0
1553088647653089241,0.0
1553088647657648370,0.0
1553088647666344506,0.0
1553088647675197617,0.0
1553088647686829735,0.0
1553088647691019178,0.0
1553088647692981726,0.0
1553088647697416449,0.0
1553088647706634028,0.0
1553088647710908057,0.0
1553088647712846304,0.0
1553088647717300299,0.0
1553088647723681686,0.0
1553088647730354073,0.0
1553088647732383209,0.0
1553088647768570605,0.0
1553088647772769046,0.0
1553088647777080034,0.0
1553088647786132536,0.0
1553088647790290684,0.0
1553088647792194008,0.0
1553088647796441989,0.0
1553088647802901186,0.0
1553088647809789004,0.0
1553088647811746089,0.0
1553088647816211517,0.0
1553088647824804847,0.0
1553088647836223107,0.0
1553088647844764328,0.0
1553088647851249355,0.0
1553088647855746344,0.0
1553088647862231226,0.0
1553088647896440905,0.0
1553088647902980657,0.0
1553088647909657098,0.0
1553088647911568722,0.0
1553088647916165130,0.0
1553088647922619067,0.0
1553088647931653234,0.0
1553088647935866204,0.0
1553088647942458078,0.0
1553088647949303205,0.0
1553088647951319681,0.0
1553088647955744626,0.0
1553088647962349745,0.0
1553088647969150196,0.0
1553088647971101338,0.0
1553088647975525919,0.0
1553088647982115547,0.0
1553088647988960697,0.0
1553088647990920128,0.0
1553088647992771773,0.0
1553088648005455375,0.0
1553088648032912447,0.0
1553088648048736452,0.0
1553088648050604752,0.0
1553088648052525111,0.0
1553088648056885921,0.0
1553088648066031932,0.0
1553088648070211140,0.0
1553088648072354502,0.0
1553088648077079700,0.0
1553088648085108896,215.0
1553088648091344110,0.0
1553088648095827553,0.0
1553088648102354509,0.0
1553088648109254493,0.0
1553088648111059344,0.0
1553088648115481454,0.0
1553088648132601203,0.0
1553088648169780993,0.0
1553088648171700916,0.0
1553088648176156793,0.0
1553088648182615377,0.0
1553088648189358952,0.0
1553088648191278005,0.0
1553088648195837874,0.0
1553088648204508238,0.0
1553088648211358044,0.0
1553088648215866184,0.0
1553088648222308365,0.0
1553088648229155085,0.0
1553088648231093568,0.0
1553088648235545281,0.0
1553088648242101203,0.0
1553088648248857748,0.0
1553088648250777201,0.0
1553088648265652315,0.0
1553088648291332571,0.0
1553088648295656893,0.0
1553088648302185286,0.0
1553088648309093006,0.0
1553088648311028525,0.0
1553088648315540428,0.0
1553088648321863345,0.0
1553088648328580130,0.0
1553088648330524629,0.0
1553088648335023899,0.0
1553088648341562875,0.0
1553088648350403682,0.0
1553088648354885133,0.0
1553088648361340118,0.0
1553088648370236336,0.0
1553088648374753001,0.0
1553088648381362749,0.0
1553088648415877347,0.0
1553088648427084816,0.0
1553088648431363450,0.0
1553088648435715551,0.0
1553088648444893982,0.0
1553088648451213109,0.0
1553088648453098164,0.0
1553088648462056347,0.0
1553088648475462429,0.0
1553088648482145250,0.0
1553088648488939532,0.0
1553088648490859879,0.0
1553088648495289685,0.0
1553088648508652170,0.0
1553088648510544026,0.0
1553088648535268759,0.0
1553088648541784003,0.0
1553088648550743901,0.0
1553088648552659833,0.0
1553088648561750856,0.0
1553088648568606434,0.0
1553088648570480770,0.0
1553088648574950633,0.0
1553088648581470037,0.0
1553088648588360166,0.0
1553088648590384470,0.0
1553088648594946089,0.0
1553088648605818558,0.0
1553088648615392390,0.0
1553088648621739774,0.0
1553088648628798066,0.0
1553088648630694831,0.0
1553088648635189999,0.0
1553088648665011382,0.0
1553088648669120226,0.0
1553088648671051826,0.0
1553088648675586668,0.0
1553088648688908170,0.0
1553088648690756120,0.0
1553088648695049820,0.0
1553088648701692473,0.0
1553088648708475036,0.0
1553088648710340433,0.0
1553088648714852372,0.0
1553088648721534665,0.0
1553088648728259738,0.0
1553088648730121778,0.0
1553088648734728665,0.0
1553088648740984116,0.0
1553088648747881012,0.0
1553088648749688502,0.0
1553088648754185405,0.0
1553088648760740338,0.0
1553088648767537189,0.0
1553088648777770786,0.0
1553088648801296309,0.0
1553088648810052145,0.0
1553088648814626715,0.0
1553088648821184080,0.0
1553088648828013977,0.0
1553088648829937583,0.0
1553088648834461287,0.0
1553088648841037928,0.0
1553088648847791598,0.0
1553088648849767387,0.0
1553088648854296721,0.0
1553088648860751696,0.0
1553088648867621001,0.0
1553088648869581665,0.0
1553088648874047949,0.0
1553088648887469632,0.0
1553088648889402721,0.0
1553088648893906328,0.0
1553088648910813464,0.0
1553088648934104652,0.0
1553088648940486636,0.0
1553088648947389240,0.0
1553088648949338597,0.0
1553088648953898919,0.0
1553088648960378229,0.0
1553088648969120977,0.0
1553088648973619651,0.0
1553088648980043232,0.0
1553088648990981019,0.0
1553088649000026730,0.0
1553088649006848111,0.0
1553088649008826783,0.0
1553088649039154818,0.0
1553088649060174755,0.0
1553088649066961355,0.0
1553088649068925544,0.0
1553088649073518638,0.0
1553088649079960089,0.0
1553088649088803279,0.0
1553088649093368259,0.0
1553088649101844921,0.0
1553088649108573119,0.0
1553088649115161753,0.0
1553088649126576892,0.0
1553088649128504829,0.0
1553088649132937191,0.0
1553088649139282254,0.0
1553088649143726127,0.0
1553088649147972536,0.0
1553088649149837209,0.0
1553088649154240870,0.0
1553088649183479428,0.0
1553088649187455446,0.0
1553088649189363912,0.0
1553088649193926151,0.0
1553088649202394355,0.0
1553088649209177166,0.0
1553088649213698607,0.0
1553088649227341807,0.0
1553088649229303258,0.0
1553088649233857373,0.0
1553088649240432583,0.0
1553088649247361829,0.0
1553088649249249270,0.0
1553088649255939250,0.0
1553088649267634920,0.0
1553088649269623736,0.0
1553088649274165272,0.0
1553088649283452443,0.0
1553088649331012405,0.0
1553088649340112503,0.0
1553088649346995005,0.0
1553088649348794485,0.0
1553088649353519622,0.0
1553088649360069737,0.0
1553088649367108396,0.0
1553088649369038881,0.0
1553088649373678155,0.0
1553088649380211101,0.0
1553088649387102003,0.0
1553088649389004933,0.0
1553088649395563623,0.0
1553088649408697038,0.0
1553088649442912752,0.0
1553088649449180227,0.0
1553088649451009949,0.0
1553088649459947527,0.0
1553088649466762767,0.0
1553088649468694726,0.0
1553088649473227053,0.0
1553088649479643902,0.0
1553088649486466193,0.0
1553088649488466618,0.0
1553088649492934042,0.0
1553088649499375966,0.0
1553088649506387977,0.0
1553088649508235647,0.0
1553088649512806386,0.0
1553088649519059006,0.0
1553088649525928999,0.0
1553088649527823348,0.0
1553088649532307117,0.0
1553088649566395615,0.0
1553088649568340137,0.0
1553088649572829232,0.0
1553088649579450735,0.0
1553088649588615362,0.0
1553088649593064432,0.0
1553088649599499065,0.0
1553088649606308334,0.0
1553088649608270808,0.0
1553088649612801317,0.0
1553088649619205360,0.0
1553088649625916807,0.0
1553088649627816590,0.0
1553088649632439098,0.0
1553088649639001893,0.0
1553088649650116046,0.0
1553088649666531950,0.0
1553088649676664771,0.0
1553088649725504358,0.0
1553088649727374895,0.0
1553088649731899847,0.0
1553088649738489721,0.0
1553088649745377293,0.0
1553088649747380311,0.0
1553088649751924827,0.0
1553088649758393771,0.0
1553088649765110647,0.0
1553088649767084030,0.0
1553088649771647440,0.0
1553088649778138322,0.0
1553088649785021625,0.0
1553088649786968091,0.0
1553088649791513940,0.0
1553088649818305616,0.0
1553088649825148499,0.0
1553088649827063383,0.0
1553088649831709289,0.0
1553088649838144473,0.0
1553088649844955884,0.0
1553088649846921819,0.0
1553088649851559076,0.0
1553088649858036186,0.0
1553088649865039338,0.0
1553088649866903500,0.0
1553088649871454551,0.0
1553088649877882914,0.0
1553088649884514793,0.0
1553088649886289920,0.0
1553088649888314605,0.0
1553088649892944099,0.0
1553088649906412796,0.0
1553088649908295741,0.0
1553088649914882936,0.0
1553088649926605134,0.0
1553088649936997371,0.0
1553088649965723005,0.0
1553088649967623158,0.0
1553088649972170318,0.0
1553088649978790650,0.0
1553088649985582449,0.0
1553088649987444411,0.0
1553088649991909782,0.0
1553088649998369624,0.0
1553088650005190589,0.0
1553088650007103011,0.0
1553088650013792783,0.0
1553088650025076915,0.0
1553088650027047346,0.0
1553088650031596962,0.0
1553088650037909941,0.0
1553088650044701253,0.0
1553088650046692865,0.0
1553088650051300831,0.0
1553088650066352016,0.0
1553088650108027132,0.0
1553088650112431665,0.0
1553088650121557200,0.0
1553088650125719335,0.0
1553088650128014889,0.0
1553088650134198297,0.0
1553088650152391342,0.0
1553088650161337236,0.0
1553088650165510289,0.0
1553088650167430203,0.0
1553088650171997423,0.0
1553088650237240990,0.0
1553088650246085182,0.0
1553088650250586313,0.0
1553088650259144177,0.0
1553088650265880838,0.0
1553088650267770376,0.0
1553088650272268142,0.0
1553088650281155786,0.0
1553088650285464132,0.0
1553088650287423050,0.0
1553088650293976964,0.0
1553088650309324689,0.0
1553088650345670441,0.0
1553088650347573703,0.0
1553088650354194000,0.0
1553088650367588094,0.0
1553088650372035462,0.0
1553088650385301893,0.0
1553088650387221152,0.0
1553088650391672375,0.0
1553088650405364361,0.0
1553088650407291516,0.0
1553088650411709910,0.0
1553088650420682317,0.0
1553088650426879666,0.0
1553088650431433489,0.0
1553088650449050009,0.0
1553088650465388134,0.0
1553088650467381473,0.0
1553088650471879060,0.0
1553088650480837656,0.0
1553088650485053659,0.0
1553088650486921807,0.0
1553088650491495130,0.0
1553088650500501034,0.0
1553088650504757516,0.0
1553088650506711006,0.0
1553088650511209281,0.0
1553088650522279851,0.0
1553088650526655062,0.0
1553088650531139880,0.0
1553088650537527165,0.0
1553088650544547575,0.0
1553088650546536424,0.0
1553088650575308720,0.0
1553088650596724604,0.0
1553088650605485287,0.0
1553088650609981380,0.0
1553088650616485370,0.0
1553088650623252109,0.0
1553088650625179901,0.0
1553088650627079701,0.0
1553088650631599836,0.0
1553088650643054746,0.0
1553088650644951934,0.0
1553088650646907683,0.0
1553088650651399041,0.0
1553088650660438253,0.0
1553088650664576541,0.0
1553088650666500503,0.0
1553088650670998037,0.0
1553088650684333900,0.0
1553088650686302473,0.0
1553088650701762446,0.0
1553088650730338216,0.0
1553088650736870029,0.0
1553088650743441154,0.0
1553088650745374427,0.0
1553088650749747851,0.0
1553088650756063737,0.0
1553088650762794054,0.0
1553088650764770169,0.0
1553088650766690962,0.0
1553088650771194916,0.0
1553088650780172899,0.0
1553088650784408204,0.0
1553088650786342991,0.0
1553088650790776797,0.0
1553088650800026407,0.0
1553088650804232792,0.0
1553088650806148834,0.0
1553088650810754282,0.0
1553088650830119777,0.0
1553088650851333131,0.0
1553088650862660112,0.0
1553088650864593356,0.0
1553088650869158088,0.0
1553088650875635480,0.0
1553088650884582524,0.0
1553088650886630833,0.0
1553088650891074994,0.0
1553088650902549485,0.0
1553088650904488886,0.0
1553088650906487450,0.0
1553088650911067710,0.0
1553088650922404431,0.0
1553088650924316162,0.0
1553088650928433673,0.0
1553088650946919299,0.0
1553088650985454072,0.0
1553088650989986453,0.0
1553088651005801308,0.0
1553088651010372489,0.0
1553088651019287699,0.0
1553088651023635926,0.0
1553088651025598340,0.0
1553088651030219348,0.0
1553088651039217501,0.0
1553088651043628745,0.0
1553088651045584968,0.0
1553088651050154431,0.0
1553088651059215326,0.0
1553088651063699740,0.0
1553088651065664846,0.0
1553088651070240110,0.0
1553088651079331727,0.0
1553088651104350980,0.0
1553088651106301222,0.0
1553088651115501328,0.0
1553088651122423362,0.0
1553088651124257242,0.0
1553088651128815189,0.0
1553088651135432455,0.0
1553088651142201858,0.0
1553088651144176158,0.0
1553088651146197956,0.0
1553088651155403022,0.0
1553088651162259839,0.0
1553088651164268750,0.0
1553088651168816942,0.0
1553088651175518442,0.0
1553088651182153868,0.0
1553088651184138591,0.0
1553088651188738596,0.0
1553088651195399812,0.0
1553088651202276280,0.0
1553088651204880135,0.0
1553088651208801596,0.0
1553088651238733614,0.0
1553088651243063493,0.0
1553088651244991990,0.0
1553088651249570330,0.0
1553088651258698032,0.0
1553088651265004192,0.0
1553088651266862330,0.0
1553088651278446617,0.0
1553088651284761293,0.0
1553088651286680123,0.0
1553088651303029428,0.0
1553088651304978363,0.0
1553088651311714798,0.0
1553088651323104267,0.0
1553088651325013060,0.0
1553088651329521369,0.0
1553088651338576263,0.0
1553088651342803374,0.0
1553088651344696440,0.0
1553088651369294972,0.0
1553088651378238079,0.0
1553088651382568405,0.0
1553088651384578141,0.0
1553088651389073671,0.0
1553088651402668412,0.0
1553088651404612306,0.0
1553088651409122088,0.0
1553088651418014232,0.0
1553088651422316081,0.0
1553088651424304866,0.0
1553088651428828861,0.0
1553088651435309420,0.0
1553088651442270101,0.0
1553088651444092232,0.0
1553088651448691241,0.0
1553088651455356668,0.0
1553088651461968874,0.0
1553088651463801014,0.0
1553088651468284992,0.0
1553088651474858369,0.0
1553088651508811310,0.0
1553088651515393867,0.0
1553088651522058767,0.0
1553088651524082823,0.0
1553088651530688454,0.0
1553088651541934046,0.0
1553088651543899096,0.0
1553088651548431903,0.0
1553088651555025180,0.0
1553088651561761070,0.0
1553088651563712334,0.0
1553088651568106293,0.0
1553088651574692069,0.0
1553088651581504834,0.0
1553088651583348328,0.0
1553088651591957260,0.0
1553088651603289564,0.0
1553088651616305887,0.0
1553088651634560101,0.0
1553088651641337470,0.0
1553088651645379110,0.0
1553088651654466270,0.0
1553088651661159610,0.0
1553088651663065613,0.0
1553088651667593515,0.0
1553088651674061445,0.0
1553088651682729644,0.0
1553088651684604376,0.0
1553088651689070307,0.0
1553088651698173196,0.0
1553088651702404468,0.0
1553088651704369422,0.0
1553088651708914548,0.0
1553088651718034140,0.0
1553088651722429032,0.0
1553088651724352972,0.0
1553088651728946332,0.0
1553088651748443869,0.0
1553088651764924540,0.0
1553088651783258811,0.0
1553088651787856682,0.0
1553088651794407143,0.0
1553088651803254382,0.0
1553088651805258140,0.0
1553088651821227812,0.0
1553088651823050279,0.0
1553088651827529106,0.0
1553088651834041280,0.0
1553088651840863709,0.0
1553088651842765253,0.0
1553088651847227307,0.0
1553088651853621777,0.0
1553088651860536487,0.0
1553088651862474149,0.0
1553088651875446377,0.0
1553088651893961002,0.0
1553088651900843563,0.0
1553088651902738067,0.0
1553088651907175116,0.0
1553088651920592778,0.0
1553088651922603141,0.0
1553088651927090135,0.0
1553088651933650427,0.0
1553088651944633208,0.0
1553088651953819104,0.0
1553088651960434517,0.0
1553088651962470045,0.0
1553088651966999122,0.0
1553088651973620375,0.0
1553088651980428929,0.0
1553088651982232646,0.0
1553088651988840817,0.0
1553088652010786367,0.0
1553088652027292364,0.0
1553088652033851697,0.0
1553088652040704262,0.0
1553088652042641632,0.0
1553088652047065028,0.0
1553088652053700757,0.0
1553088652060384256,0.0
1553088652062240988,0.0
1553088652066694521,0.0
1553088652073187607,0.0
1553088652079828643,0.0
1553088652081748887,0.0
1553088652083658559,0.0
1553088652088114932,0.0
1553088652097567307,0.0
1553088652101657219,0.0
1553088652103450985,0.0
1553088652107766651,0.0
1553088652114022755,0.0
1553088652122986338,0.0
1553088652127582551,0.0
1553088652168154554,0.0
1553088652177360897,0.0
1553088652181658471,0.0
1553088652183605157,0.0
1553088652188199237,0.0
1553088652199736623,0.0
1553088652201653682,0.0
1553088652203591637,0.0
1553088652208146954,0.0
1553088652217160249,0.0
1553088652221547380,0.0
1553088652223493949,0.0
1553088652228041850,0.0
1553088652236882398,0.0
1553088652241015069,0.0
1553088652242941239,0.0
1553088652247424516,0.0
1553088652256551613,0.0
1553088652283336719,0.0
1553088652289823077,0.0
1553088652300914869,0.0
1553088652302855162,0.0
1553088652307427700,0.0
1553088652320997080,0.0
1553088652322916763,0.0
1553088652327455555,0.0
1553088652341003393,0.0
1553088652342967074,0.0
1553088652347499093,0.0
1553088652361117843,0.0
1553088652363056516,0.0
1553088652367566595,0.0
1553088652380895751,0.0
1553088652382733483,0.0
1553088652399612901,0.0
1553088652432580484,0.0
1553088652441355706,0.0
1553088652445905815,0.0
1553088652452426025,0.0
1553088652458925779,0.0
1553088652460929904,0.0
1553088652462834320,0.0
1553088652467355313,0.0
1553088652476447303,0.0
1553088652480356545,0.0
1553088652482352551,0.0
1553088652487018100,0.0
1553088652498160644,0.0
1553088652504218326,0.0
1553088652542609325,0.0
1553088652547038555,0.0
1553088652555914894,0.0
1553088652560110482,0.0
1553088652561986740,0.0
1553088652566520400,0.0
1553088652572742946,0.0
1553088652581757930,0.0
1553088652586109309,0.0
1553088652592667980,0.0
1553088652599316508,0.0
1553088652601242564,0.0
1553088652605767314,0.0
1553088652612388815,0.0
1553088652619164611,0.0
1553088652621085576,0.0
1553088652625489906,0.0
1553088652632225345,0.0
1553088652638850129,0.0
1553088652640932153,0.0
1553088652672320641,0.0
1553088652679107036,0.0
1553088652680938181,0.0
1553088652685381010,0.0
1553088652693896225,0.0
1553088652700674958,0.0
1553088652702587702,0.0
1553088652706960544,0.0
1553088652718320124,0.0
1553088652720272024,0.0
1553088652722148046,0.0
1553088652726677740,0.0
1553088652735668449,0.0
1553088652739859165,0.0
1553088652741739460,0.0
1553088652746091416,0.0
1553088652758864801,0.0
1553088652783610377,0.0
1553088652801723135,0.0
1553088652806183516,0.0
1553088652815341987,0.0
1553088652819680709,0.0
1553088652821611829,0.0
1553088652828199439,0.0
1553088652839391035,0.0
1553088652841338648,0.0
1553088652845835943,0.0
1553088652852336752,0.0
1553088652861200184,0.0
1553088652865787675,0.0
1553088652872385103,0.0
1553088652885874512,0.0
1553088652895135089,0.0
1553088652899235741,0.0
1553088652901110686,0.0
1553088652905623191,0.0
1553088652939578231,0.0
1553088652941528761,0.0
1553088652946049065,0.0
1553088652955191629,0.0
1553088652959493925,0.0
1553088652961441231,0.0
1553088652966136605,0.0
1553088652979433145,0.0
1553088652981368066,0.0
1553088652987932095,0.0
1553088653100813433,0.0
1553088653105311240,0.0
1553088653113907812,0.0
1553088653120727687,0.0
1553088653125251635,0.0
1553088653131775662,0.0
1553088653138543827,0.0
1553088653140464048,0.0
1553088653147019096,0.0
1553088653158322319,0.0
1553088653162417374,0.0
1553088653200873217,0.0
1553088653205423560,0.0
1553088653214540180,0.0
1553088653218780083,0.0
1553088653220790731,0.0
1553088653225238355,0.0
1553088653231646372,0.0
1553088653238311372,0.0
1553088653240177213,0.0
1553088653244753349,0.0
1553088653251243024,0.0
1553088653257863304,0.0
1553088653259840060,0.0
1553088653264356208,0.0
1553088653270859080,0.0
1553088653277572525,0.0
1553088653279540328,0.0
1553088653284106978,0.0
1553088653290646448,0.0
1553088653297311135,0.0
1553088653299115599,0.0
1553088653309500146,0.0
1553088653330239259,0.0
1553088653334641144,0.0
1553088653338688754,0.0
1553088653340686852,0.0
1553088653345210090,0.0
1553088653354397414,0.0
1553088653358562328,0.0
1553088653360421882,0.0
1553088653365076456,0.0
1553088653374214483,0.0
1553088653378300457,0.0
1553088653380292539,0.0
1553088653384774465,0.0
1553088653391418910,0.0
1553088653398231008,0.0
1553088653400163705,0.0
1553088653404603755,0.0
1553088653411190649,0.0
1553088653417903518,0.0
1553088653419840251,0.0
1553088653424445141,0.0
1553088653431008885,0.0
1553088653458107471,0.0
1553088653460001816,0.0
1553088653464468547,0.0
1553088653471063231,0.0
1553088653477784225,0.0
1553088653479710365,0.0
1553088653484345502,0.0
1553088653490877649,0.0
1553088653497525474,0.0
1553088653499355664,0.0
1553088653504006285,0.0
1553088653510543888,0.0
1553088653517298385,0.0
1553088653519102127,0.0
1553088653523654609,0.0
1553088653530093862,0.0
1553088653536799306,0.0
1553088653538599700,0.0
1553088653543160292,0.0
1553088653549681555,0.0
1553088653554218203,0.0
1553088653558457201,0.0
1553088653568649206,0.0
1553088653587074700,0.0
1553088653643942259,0.0
1553088653650542676,0.0
1553088653657266239,0.0
1553088653659139832,0.0
1553088653663744639,0.0
1553088653670443109,0.0
1553088653677239891,0.0
1553088653679083656,0.0
1553088653683506640,0.0
1553088653710487037,0.0
1553088653717403975,0.0
1553088653719266169,0.0
1553088653723785368,0.0
1553088653730285862,0.0
1553088653736926890,0.0
1553088653738858234,0.0
1553088653743418002,0.0
1553088653749951351,0.0
1553088653758666541,0.0
1553088653763167820,0.0
1553088653769728159,0.0
1553088653776407441,0.0
1553088653778275090,0.0
1553088653782820518,0.0
1553088653789496057,0.0
1553088653796145408,0.0
1553088653798101597,0.0
1553088653800033000,0.0
1553088653804516506,0.0
1553088653813590411,0.0
1553088653817613706,0.0
1553088653819480288,0.0
1553088653844683255,0.0
1553088653856144337,0.0
1553088653857892113,0.0
1553088653862575504,0.0
1553088653869177464,0.0
1553088653876020574,0.0
1553088653878012806,0.0
1553088653884594320,0.0
1553088653895973293,0.0
1553088653897687435,0.0
1553088653899591477,0.0
1553088653904035043,0.0
1553088653913267313,0.0
1553088653917624794,0.0
1553088653919457243,0.0
1553088653923940759,0.0
1553088653933101775,0.0
1553088653937280214,0.0
1553088653939205115,0.0
1553088653943670934,0.0
1553088653950073772,0.0
1553088653979217087,0.0
1553088653983621576,0.0
1553088653990050718,0.0
1553088653996959489,0.0
1553088653998882324,0.0
1553088654003455329,0.0
1553088654010086485,0.0
1553088654016636434,0.0
1553088654018361432,0.0
1553088654024937128,0.0
1553088654036281139,0.0
1553088654038036261,0.0
1553088654042499406,0.0
1553088654051148026,0.0
1553088654062569105,0.0
1553088654078240547,0.0
1553088654080161625,0.0
1553088654123225779,0.0
1553088654132461860,0.0
1553088654136634027,0.0
1553088654140335322,0.0
1553088654149657870,0.0
1553088654156537711,0.0
1553088654158353754,0.0
1553088654162981799,0.0
1553088654169456307,0.0
1553088654176280682,0.0
1553088654178029713,0.0
1553088654182661944,0.0
1553088654189189879,0.0
1553088654196054934,0.0
1553088654197796193,0.0
1553088654202282384,0.0
1553088654209017947,0.0
1553088654215641190,0.0
1553088654217481943,0.0
1553088654258188307,0.0
1553088654262781422,0.0
1553088654269469607,0.0
1553088654276108996,0.0
1553088654280346920,0.0
1553088654291903894,0.0
1553088654296095201,0.0
1553088654297911713,0.0
1553088654302366186,0.0
1553088654308837494,0.0
1553088654315551259,0.0
1553088654317284488,0.0
1553088654321705470,0.0
1553088654328382143,0.0
1553088654335106735,0.0
1553088654336838312,0.0
1553088654338777400,0.0
1553088654343316883,0.0
1553088654416107583,0.0
1553088654418116922,0.0
1553088654422617967,0.0
1553088654433861668,0.0
1553088654437819795,0.0
1553088654442337992,0.0
1553088654448980173,0.0
1553088654457783243,0.0
1553088654462262290,0.0
1553088654468792645,0.0
1553088654477736479,0.0
1553088654502696812,0.0
1553088654513844802,0.0
1553088654517938024,0.0
1553088654522542357,0.0
1553088654531658987,0.0
1553088654535818537,0.0
1553088654537801257,0.0
1553088654542053634,0.0
1553088654548700638,0.0
1553088654555430363,0.0
1553088654557227793,0.0
1553088654561581938,0.0
1553088654568126124,0.0
1553088654579071994,0.0
1553088654588195446,0.0
1553088654596525758,0.0
1553088654601098207,0.0
1553088654607795718,0.0
1553088654635212834,0.0
1553088654636985274,0.0
1553088654641612040,0.0
1553088654648138355,0.0
1553088654654887454,0.0
1553088654656647429,0.0
1553088654688222263,0.0
1553088654695244239,0.0
1553088654697068737,0.0
1553088654701683170,0.0
1553088654710184153,0.0
1553088654719060318,0.0
1553088654728234983,0.0
1553088654735066590,0.0
1553088654736969766,0.0
1553088654751826553,0.0
1553088654775308111,0.0
1553088654777189249,0.0
1553088654781642811,0.0
1553088654797176638,0.0
1553088654803758101,0.0
1553088654817063472,0.0
1553088654821585664,0.0
1553088654828180183,0.0
1553088654835044756,0.0
1553088654836861214,0.0
1553088654841382622,0.0
1553088654849983519,0.0
1553088654861429820,0.0
1553088654868113305,0.0
1553088654887163849,0.0
1553088654910864971,0.0
1553088654915052807,0.0
1553088654916814586,0.0
1553088654921297991,0.0
1553088654927837436,0.0
1553088654934605805,0.0
1553088654936390739,0.0
1553088654943202944,0.0
1553088654956684985,0.0
1553088654961243428,0.0
1553088654967918649,0.0
1553088654978904417,0.0
1553088654980758416,0.0
1553088654994870258,0.0
1553088654996672983,0.0
1553088655001050393,0.0
1553088655016049953,0.0
1553088655060483356,0.0
1553088655067245018,0.0
1553088655076157571,0.0
1553088655080788993,0.0
1553088655087242907,0.0
1553088655093977525,0.0
1553088655095903479,0.0
1553088655100435409,0.0
1553088655107024921,0.0
1553088655113904937,0.0
1553088655115799725,0.0
1553088655120370209,0.0
1553088655129131683,0.0
1553088655146620742,0.0
1553088655174313711,0.0
1553088655206678010,0.0
1553088655213541905,0.0
1553088655215448303,0.0
1553088655219912847,0.0
1553088655226470634,0.0
1553088655233287635,0.0
1553088655235133524,0.0
1553088655239597436,0.0
1553088655246315103,0.0
1553088655253305364,0.0
1553088655255232194,0.0
1553088655259577720,0.0
1553088655266062667,0.0
1553088655300438753,0.0
1553088655306836654,0.0
1553088655313614653,0.0
1553088655315501945,0.0
1553088655319936736,0.0
1553088655326609690,0.0
1553088655333448740,0.0
1553088655335417855,0.0
1553088655339696066,0.0
1553088655346217247,0.0
1553088655353078595,0.0
1553088655355002251,0.0
1553088655359581603,0.0
1553088655366115313,0.0
1553088655373030548,0.0
1553088655374884479,0.0
1553088655379478391,0.0
1553088655386046357,0.0
1553088655392918799,0.0
1553088655394834231,0.0
1553088655407616837,0.0
1553088655425833185,0.0
1553088655432394762,0.0
1553088655434288676,0.0
1553088655438624964,0.0
1553088655445228288,0.0
1553088655449770928,0.0
1553088655453977564,0.0
1553088655455789062,0.0
1553088655460315449,0.0
1553088655471714326,0.0
1553088655475942630,0.0
1553088655480292299,0.0
1553088655489031639,0.0
1553088655493202862,0.0
1553088655495116299,0.0
1553088655499562560,0.0
1553088655506114848,0.0
1553088655512903353,0.0
1553088655514808384,0.0
1553088655519181219,0.0
1553088655555518025,0.0
1553088655559954525,0.0
1553088655569334922,0.0
1553088655573662086,0.0
1553088655575546959,0.0
1553088655580039127,0.0
1553088655589221200,0.0
1553088655593496476,0.0
1553088655595409047,0.0
1553088655600050291,0.0
1553088655609294671,0.0
1553088655613695794,0.0
1553088655615587980,0.0
1553088655620096365,0.0
1553088655629267926,0.0
1553088655633608245,0.0
1553088655635757585,0.0
1553088655639886609,0.0
1553088655646144699,0.0
1553088655673351020,0.0
1553088655675252638,0.0
1553088655679622457,0.0
1553088655686065653,0.0
1553088655692846273,0.0
1553088655696866506,0.0
1553088655713390460,0.0
1553088655715292043,0.0
1553088655719721542,0.0
1553088655728949555,0.0
1553088655733311176,0.0
1553088655735122134,0.0
1553088655739693423,0.0
1553088655748779327,0.0
1553088655753228083,0.0
1553088655755050268,0.0
1553088655759652235,0.0
1553088655768894686,0.0
1553088655773213728,0.0
1553088655775109613,0.0
1553088655788050439,0.0
1553088655815874101,0.0
1553088655825020977,0.0
1553088655831953651,0.0
1553088655833720841,0.0
1553088655838140456,0.0
1553088655844850341,0.0
1553088655853800228,0.0
1553088655858283252,0.0
1553088655866946143,0.0
1553088655873761197,0.0
1553088655884885044,0.0
1553088655891843469,0.0
1553088655893781411,0.0
1553088655898110552,0.0
1553088655904669316,0.0
1553088655919788298,0.0
1553088655933766851,0.0
1553088655938344395,0.0
1553088655944914015,0.0
1553088655951879293,0.0
1553088655953840204,0.0
1553088655958366825,0.0
1553088655964986616,0.0
1553088655975757651,0.0
1553088655984941467,0.0
1553088655991847689,0.0
1553088655993790211,0.0
1553088655998294194,0.0
1553088656004879349,0.0
1553088656011814125,0.0
1553088656013827969,0.0
1553088656018119111,0.0
1553088656024456083,0.0
1553088656031282421,0.0
1553088656033239258,0.0
1553088656035086401,0.0
1553088656039456853,0.0
1553088656073640050,0.0
1553088656078097290,0.0
1553088656084800257,0.0
1553088656093715169,0.0
1553088656095653791,0.0
1553088656106796855,0.0
1553088656113635719,0.0
1553088656118113416,0.0
1553088656124634436,0.0
1553088656133479859,0.0
1553088656135421581,0.0
1553088656144695277,0.0
1553088656151457730,0.0
1553088656153441139,0.0
1553088656157890510,0.0
1553088656192298224,0.0
1553088656194193981,0.0
1553088656198800259,0.0
1553088656208151566,0.0
1553088656212485179,0.0
1553088656214504511,0.0
1553088656219006353,0.0
1553088656234755036,0.0
1553088656244034519,0.0
1553088656250978959,0.0
1553088656252865560,0.0
1553088656254729410,0.0
1553088656263854200,0.0
1553088656270748341,0.0
1553088656272785161,0.0
1553088656279420294,0.0
1553088656292838799,0.0
1553088656294703092,0.0
1553088656324241039,0.0
1553088656330991680,0.0
1553088656332883191,0.0
1553088656339493278,0.0
1553088656350795133,0.0
1553088656352713329,0.0
1553088656357121079,0.0
1553088656363586260,0.0
1553088656374650281,0.0
1553088656385927923,0.0
1553088656392616243,0.0
1553088656399066502,0.0
1553088656410981681,0.0
1553088656412778365,0.0
1553088656417009585,0.0
1553088656431847077,0.0
1553088656459748319,0.0
1553088656470903864,0.0
1553088656472770599,0.0
1553088656477296281,0.0
1553088656483953277,0.0
1553088656492679783,0.0
1553088656496956690,0.0
1553088656503521296,0.0
1553088656510536967,0.0
1553088656512515639,0.0
1553088656516820948,0.0
1553088656523513320,0.0
1553088656530408865,0.0
1553088656532483439,0.0
1553088656536930160,0.0
1553088656552714028,0.0
1553088656591804610,0.0
1553088656593710442,0.0
1553088656598162734,0.0
1553088656607468399,0.0
1553088656611649133,0.0
1553088656613550643,0.0
1553088656619835276,0.0
1553088656631529159,0.0
1553088656633455419,0.0
1553088656637961288,0.0
1553088656647170799,0.0
1553088656651364665,0.0
1553088656653318365,0.0
1553088656657663144,0.0
1553088656671406766,0.0
1553088656673347700,0.0
1553088656677670726,0.0
1553088656709853992,0.0
1553088656711776009,0.0
1553088656716159539,0.0
1553088656722946446,0.0
1553088656729830391,0.0
1553088656731743061,0.0
1553088656736012986,0.0
1553088656742738370,0.0
1553088656749572427,0.0
1553088656751536140,0.0
1553088656753527344,0.0
1553088656757971523,0.0
1553088656769347037,0.0
1553088656773580510,0.0
1553088656778054966,0.0
1553088656787082985,0.0
1553088656797703513,0.0
1553088656806574119,0.0
1553088656810822442,0.0
1553088656812725485,0.0
1553088656837367706,0.0
1553088656846435777,0.0
1553088656850564342,0.0
1553088656854608507,0.0
1553088656872949770,0.0
1553088656877188857,0.0
1553088656913181380,0.0
1553088656917618517,0.0
1553088656926581331,0.0
1553088656930773518,0.0
1553088656934886347,0.0
1553088656969187434,0.0
1553088656971205338,0.0
1553088656975688800,0.0
1553088656981997734,0.0
1553088656986558238,0.0
1553088656990795480,0.0
1553088656992678352,0.0
1553088656997103406,0.0
1553088657006313401,0.0
1553088657010473846,0.0
1553088657012407914,0.0
1553088657016660535,0.0
1553088657023202540,0.0
1553088657030156150,0.0
1553088657032031525,0.0
1553088657036504578,0.0
1553088657043123812,0.0
1553088657049935760,0.0
1553088657051881074,0.0
1553088657056266910,0.0
1553088657062886051,0.0
1553088657069852220,0.0
1553088657082242617,0.0
1553088657106142969,0.0
1553088657112537418,0.0
1553088657132813914,0.0
1553088657137111210,0.0
1553088657146095840,0.0
1553088657150314660,0.0
1553088657152100203,0.0
1553088657156591446,0.0
1553088657165806966,0.0
1553088657169968624,0.0
1553088657171836870,0.0
1553088657176301347,0.0
1553088657182904746,0.0
1553088657191608935,0.0
1553088657196056644,0.0
1553088657225922846,0.0
1553088657230253451,0.0
1553088657232171970,0.0
1553088657236720244,0.0
1553088657245720222,0.0
1553088657249902390,0.0
1553088657251780901,0.0
1553088657256355946,0.0
1553088657265431808,0.0
1553088657269705170,0.0
1553088657271696557,0.0
1553088657276136386,0.0
1553088657282674758,0.0
1553088657289491483,0.0
1553088657291329719,0.0
1553088657295837644,0.0
1553088657302294666,0.0
1553088657309076250,0.0
1553088657310949323,0.0
1553088657315426326,0.0
1553088657321856584,0.0
1553088657338969411,0.0
1553088657355484521,0.0
1553088657361954396,0.0
1553088657368772281,0.0
1553088657370689690,0.0
1553088657377215910,0.0
1553088657388380674,0.0
1553088657390180866,0.0
1553088657394489161,0.0
1553088657400851098,0.0
1553088657405201255,0.0
1553088657409309669,0.0
1553088657411212986,0.0
1553088657415816692,0.0
1553088657424389651,0.0
1553088657431291183,0.0
1553088657435657961,0.0
1553088657449060170,0.0
1553088657451102762,0.0
1553088657455630321,0.0
1553088657470234873,0.0
1553088657489058247,0.0
1553088657491100516,0.0
1553088657495571811,0.0
1553088657502028808,0.0
1553088657508768038,0.0
1553088657510671854,0.0
1553088657515088223,0.0
1553088657521514904,0.0
1553088657531888891,0.0
1553088657536313470,0.0
1553088657545548115,0.0
1553088657549719097,0.0
1553088657551716874,0.0
1553088657558256309,0.0
1553088657569793542,0.0
1553088657571674486,0.0
1553088657576090171,0.0
1553088657589638107,0.0
1553088657601861229,0.0
1553088657627462189,0.0
1553088657629334035,0.0
1553088657633510061,0.0
1553088657656125492,0.0
1553088657665001991,0.0
1553088657669266095,0.0
1553088657671151246,0.0
1553088657675708121,0.0
1553088657684735258,0.0
1553088657688934041,0.0
1553088657690878508,0.0
1553088657695328640,0.0
1553088657701832955,0.0
1553088657708590836,0.0
1553088657710486070,0.0
1553088657715024007,0.0
1553088657731818841,0.0
1553088657755401303,0.0
1553088657768772490,0.0
1553088657770668670,0.0
1553088657775190807,0.0
1553088657784467459,0.0
1553088657788798955,0.0
1553088657790591306,0.0
1553088657795058612,0.0
1553088657801568239,0.0
1553088657808417209,0.0
1553088657810311387,0.0
1553088657814853918,0.0
1553088657821328943,0.0
1553088657828203436,0.0
1553088657830209963,0.0
1553088657834667719,0.0
1553088657840980790,0.0
1553088657847882951,0.0
1553088657849804332,0.0
1553088657874921242,0.0
1553088657881201742,0.0
1553088657887997407,0.0
1553088657889902141,0.0
1553088657894630494,0.0
1553088657900842946,0.0
1553088657907604937,0.0
1553088657909503024,0.0
1553088657914071938,0.0
1553088657920428463,0.0
1553088657927287400,0.0
1553088657929207337,0.0
1553088657933750324,0.0
1553088657940201401,0.0
1553088657947053235,0.0
1553088657948951500,0.0
1553088657950864412,0.0
1553088657955333713,0.0
1553088657964500241,0.0
1553088657968733782,0.0
1553088657974429795,0.0
1553088658022101051,0.0
1553088658028928610,0.0
1553088658030815219,0.0
1553088658035213210,0.0
1553088658046657549,0.0
1553088658048575465,0.0
1553088658050431682,0.0
1553088658057037248,0.0
1553088658081009953,0.0
1553088658140149525,0.0
1553088658148753957,0.0
1553088658153275128,0.0
1553088658159823729,0.0
1553088658166681601,0.0
1553088658168597280,0.0
1553088658173113825,0.0
1553088658186791472,0.0
1553088658188727827,0.0
1553088658193189692,0.0
1553088658199844434,0.0
1553088658210850412,0.0
1553088658294217890,0.0
1553088658303362762,0.0
1553088658307657349,0.0
1553088658309392032,0.0
1553088658327325217,0.0
1553088658329220589,0.0
1553088658333743578,0.0
1553088658340274816,0.0
1553088658347161457,0.0
1553088658349109239,0.0
1553088658353767309,0.0
1553088658360124163,0.0
1553088658367046147,0.0
1553088658368996888,0.0
1553088658383783489,0.0
1553088658414062906,0.0
1553088658423201515,0.0
1553088658427515100,0.0
1553088658429509103,0.0
1553088658434048012,0.0
1553088658443196876,0.0
1553088658447493814,0.0
1553088658449397852,0.0
1553088658453939065,0.0
1553088658462962251,0.0
1553088658467102157,0.0
1553088658469000094,0.0
1553088658475371089,0.0
1553088658486962390,0.0
1553088658488929165,0.0
1553088658493591230,0.0
1553088658499915817,0.0
1553088658534078454,0.0
1553088658543145467,0.0
1553088658547253772,0.0
1553088658549161906,0.0
1553088658553782054,0.0
1553088658562702941,0.0
1553088658566971087,0.0
1553088658568928796,0.0
1553088658573546219,0.0
1553088658582489848,0.0
1553088658588572347,0.0
1553088658593056467,0.0
1553088658601465632,0.0
1553088658608202542,0.0
1553088658614747128,0.0
1553088658634726845,0.0
1553088658648630261,0.0
1553088658653076092,0.0
1553088658661567487,0.0
1553088658668676170,0.0
1553088658673213642,0.0
1553088658682207714,0.0
1553088658686560056,0.0
1553088658688327000,0.0
1553088658692871946,0.0
1553088658699431898,0.0
1553088658706373972,0.0
1553088658708288356,0.0
1553088658712816326,0.0
1553088658719257228,0.0
1553088658725986829,0.0
1553088658727872267,0.0
1553088658732393888,0.0
1553088658738815960,0.0
1553088658745773684,0.0
1553088658747723152,0.0
1553088658754345124,0.0
1553088658785863063,0.0
1553088658787833170,0.0
1553088658792239028,0.0
1553088658800703630,0.0
1553088658812120401,0.0
1553088658818467402,0.0
1553088658825237269,0.0
1553088658827150477,0.0
1553088658831603685,0.0
1553088658840129163,0.0
1553088658846970244,0.0
1553088658848894841,0.0
1553088658853398974,0.0
1553088658862270802,0.0
1553088658866486771,0.0
1553088658868546732,0.0
1553088658873132967,0.0
1553088658882210148,0.0
1553088658886499924,0.0
1553088658898734010,0.0
1553088658924870924,0.0
1553088658926799998,0.0
1553088658928701397,0.0
1553088658933359647,0.0
1553088658944646524,0.0
1553088658946576113,0.0
1553088658948558401,0.0
1553088658953142909,0.0
1553088658962329704,0.0
1553088658966526183,0.0
1553088658968421363,0.0
1553088658972969435,0.0
1553088658981958261,0.0
1553088658986238291,0.0
1553088658988174615,0.0
1553088658992675527,0.0
1553088659001520307,0.0
1553088659005832590,0.0
1553088659007743251,0.0
1553088659012250709,0.0
1553088659041713799,0.0
1553088659045905550,0.0
1553088659047950493,0.0
1553088659052434166,0.0
1553088659065950481,0.0
1553088659068005088,0.0
1553088659072388314,0.0
1553088659081377219,0.0
1553088659085651643,0.0
1553088659087540065,0.0
1553088659092027671,0.0
1553088659098407367,0.0
1553088659107339197,0.0
1553088659111803265,0.0
1553088659118412973,0.0
1553088659127583008,0.0
1553088659167603042,0.0
1553088659304410443,0.0
1553088659306209535,0.0
1553088659309788798,215.0
1553088659311920877,0.0
1553088659325204405,0.0
1553088659327077282,0.0
1553088659331503741,0.0
1553088659337867256,0.0
1553088659344709418,0.0
1553088659346638910,0.0
1553088659351090959,0.0
1553088659357408780,0.0
1553088659364275152,0.0
1553088659366220600,0.0
1553088659370704258,0.0
1553088659377114779,0.0
1553088659383776066,0.0
1553088659388056611,0.0
1553088659424566535,0.0
1553088659426511807,0.0
1553088659431104871,0.0
1553088659437481049,0.0
1553088659446059881,0.0
1553088659450540058,0.0
1553088659456901561,0.0
1553088659463675023,0.0
1553088659465603007,0.0
1553088659467510430,0.0
1553088659472016303,0.0
1553088659482465572,0.0
1553088659486468497,0.0
1553088659490705539,0.0
1553088659496763027,0.0
1553088659503558017,0.0
1553088659505388399,0.0
1553088659507214483,0.0
1553088659511514961,0.0
1553088659521953706,0.0
1553088659525997806,0.0
1553088659538394953,0.0
1553088659551823329,0.0
1553088659560740972,0.0
1553088659564842681,0.0
1553088659566753483,0.0
1553088659571288446,0.0
1553088659580264669,0.0
1553088659584342844,0.0
1553088659586188931,0.0
1553088659590645175,0.0
1553088659597109187,0.0
1553088659605839407,0.0
1553088659610350469,0.0
1553088659616831707,0.0
1553088659623555015,0.0
1553088659625475697,0.0
1553088659630003998,0.0
1553088659636422795,0.0
1553088659643245464,0.0
1553088659645170301,0.0
1553088659647098441,0.0
1553088659653771356,0.0
1553088659696603140,0.0
1553088659703477041,0.0
1553088659705442358,0.0
1553088659710103569,0.0
1553088659716493992,0.0
1553088659723274773,0.0
1553088659725238152,0.0
1553088659729821976,0.0
1553088659736172927,0.0
1553088659743111747,0.0
1553088659745121093,0.0
1553088659749567265,0.0
1553088659756087691,0.0
1553088659762850276,0.0
1553088659764784653,0.0
1553088659766693219,0.0
1553088659771189134,0.0
1553088659780449444,0.0
1553088659784741521,0.0
1553088659786678222,0.0
1553088659799528977,0.0
1553088659825411945,0.0
1553088659830003822,0.0
1553088659836433497,0.0
1553088659843347866,0.0
1553088659845220759,0.0
1553088659849770181,0.0
1553088659856332903,0.0
1553088659863287638,0.0
1553088659865154018,0.0
1553088659869701719,0.0
1553088659876252979,0.0
1553088659882956160,0.0
1553088659884901211,0.0
1553088659889418717,0.0
1553088659895836299,0.0
1553088659902619143,0.0
1553088659904608146,0.0
1553088659906557143,0.0
1553088659911032520,0.0
1553088659928627576,0.0
1553088659944978798,0.0
1553088659949562952,0.0
1553088659962983888,0.0
1553088659964928382,0.0
1553088659969438049,0.0
1553088659975932899,0.0
1553088659982560483,0.0
1553088659984509079,0.0
1553088659986430401,0.0
1553088659995520822,0.0
1553088659999951214,0.0
1553088660004108048,0.0
1553088660006081626,0.0
1553088660010591587,0.0
1553088660019662268,0.0
1553088660023897660,0.0
1553088660025758676,0.0
1553088660030275683,0.0
1553088660039409314,0.0
1553088660043603923,0.0
1553088660045579904,0.0
1553088660060461677,0.0
1553088660085800800,0.0
1553088660090305410,0.0
1553088660099307701,0.0
1553088660103530286,0.0
1553088660107545914,0.0
1553088660119003125,0.0
1553088660123133034,0.0
1553088660125019209,0.0
1553088660129575780,0.0
1553088660136111998,0.0
1553088660145001342,0.0
1553088660149387464,0.0
1553088660155971575,0.0
1553088660162672566,0.0
1553088660164615767,0.0
1553088660169205119,0.0
1553088660183826593,0.0
1553088660202570889,0.0
1553088660204494897,0.0
1553088660209021457,0.0
1553088660215532854,0.0
1553088660222192150,0.0
1553088660224179510,0.0
1553088660228645995,0.0
1553088660235156012,0.0
1553088660241958008,0.0
1553088660243816665,0.0
1553088660245764911,0.0
1553088660250243975,0.0
1553088660259209240,0.0
1553088660263435320,0.0
1553088660265339314,0.0
1553088660269890174,0.0
1553088660278647570,0.0
1553088660282947755,0.0
1553088660284907987,0.0
1553088660289360016,0.0
1553088660297738597,0.0
1553088660304698974,0.0
1553088660329594349,0.0
1553088660336062092,0.0
1553088660342821009,0.0
1553088660344753936,0.0
1553088660349262161,0.0
1553088660355826522,0.0
1553088660362634657,0.0
1553088660364557748,0.0
1553088660369094005,0.0
1553088660375627129,0.0
1553088660382562212,0.0
1553088660384474823,0.0
1553088660388975881,0.0
1553088660395380808,0.0
1553088660402260605,0.0
1553088660404183259,0.0
1553088660408705569,0.0
1553088660415224388,0.0
1553088660422023145,0.0
1553088660423908289,0.0
1553088660428389417,0.0
1553088660443324103,0.0
1553088660462056993,0.0
1553088660464053929,0.0
1553088660470456142,0.0
1553088660481787238,0.0
1553088660483714968,0.0
1553088660500869939,0.0
1553088660563049477,0.0
1553088660564936890,0.0
1553088660579703662,0.0
1553088660603491878,0.0
1553088660608022177,0.0
1553088660614403845,0.0
1553088660621337686,0.0
1553088660623264597,0.0
1553088660627752063,0.0
1553088660634293953,0.0
1553088660641115166,0.0
1553088660644213439,0.0
1553088660647502920,0.0
1553088660654173079,0.0
1553088660660877382,0.0
1553088660662917819,0.0
1553088660664889915,0.0
1553088660669407649,0.0
1553088660678392788,0.0
1553088660682640016,0.0
1553088660684541183,0.0
1553088660689118616,0.0
1553088660697959588,0.0
1553088660710660263,0.0
1553088660724632426,0.0
1553088660729181808,0.0
1553088660738146966,0.0
1553088660742409942,0.0
1553088660744329693,0.0
1553088660748870468,0.0
1553088660757766279,0.0
1553088660762047849,0.0
1553088660764022452,0.0
1553088660768423677,0.0
1553088660774981593,0.0
1553088660781858295,0.0
1553088660783777270,0.0
1553088660788299564,0.0
1553088660801681767,0.0
1553088660803705800,0.0
1553088660808201634,0.0
1553088660814597314,0.0
1553088660821239074,0.0
1553088660823211604,0.0
1553088660827666191,0.0
1553088660854695782,0.0
1553088660861654857,0.0
1553088660863599157,0.0
1553088660869948308,0.0
1553088660881319556,0.0
1553088660883207184,0.0
1553088660887743790,0.0
1553088660894288909,0.0
1553088660901013966,0.0
1553088660902950812,0.0
1553088660907323332,0.0
1553088660913910171,0.0
1553088660920673006,0.0
1553088660922507252,0.0
1553088660926994784,0.0
1553088660933568895,0.0
1553088660942497114,0.0
1553088660949101563,0.0
1553088660970928827,0.0
1553088660987307920,0.0
1553088660995566860,0.0
1553088661002390096,0.0
1553088661006889740,0.0
1553088661015312712,0.0
1553088661022017864,0.0
1553088661023949307,0.0
1553088661028425668,0.0
1553088661042097743,0.0
1553088661044057838,0.0
1553088661048574746,0.0
1553088661057524107,0.0
1553088661061711991,0.0
1553088661063651714,0.0
1553088661068156878,0.0
1553088661077073352,0.0
1553088661081264605,0.0
1553088661083185053,0.0
1553088661087779379,0.0
1553088661117242122,0.0
1553088661121506722,0.0
1553088661123381504,0.0
1553088661127914267,0.0
1553088661136923842,0.0
1553088661141019798,0.0
1553088661142946751,0.0
1553088661147316287,0.0
1553088661153940393,0.0
1553088661160544607,0.0
1553088661162487330,0.0
1553088661167097294,0.0
1553088661173483218,0.0
1553088661180102973,0.0
1553088661181979526,0.0
1553088661186539427,0.0
1553088661193234033,0.0
1553088661200137229,0.0
1553088661202072510,0.0
1553088661206478321,0.0
1553088661212999339,0.0
1553088661239874206,0.0
1553088661241649239,0.0
1553088661245991363,0.0
1553088661252483473,0.0
1553088661258960641,0.0
1553088661263284899,0.0
1553088661269621160,0.0
1553088661280985377,0.0
1553088661282893481,0.0
1553088661287307303,0.0
1553088661293655350,0.0
1553088661300293999,0.0
1553088661302226536,0.0
1553088661306652978,0.0
1553088661313058807,0.0
1553088661319800184,0.0
1553088661321785755,0.0
1553088661328070769,0.0
1553088661339361990,0.0
1553088661341160563,0.0
1553088661343072476,0.0
1553088661355825293,0.0
1553088661381221813,0.0
1553088661383103972,0.0
1553088661389887113,0.0
1553088661401353981,0.0
1553088661403333612,0.0
1553088661407906291,0.0
1553088661419441807,0.0
1553088661421422413,0.0
1553088661423374032,0.0
1553088661427916740,0.0
1553088661439320625,0.0
1553088661441258438,0.0
1553088661443208199,0.0
1553088661447744393,0.0
1553088661463176816,0.0
1553088661467727135,0.0
1553088661500040766,0.0
1553088661502024564,0.0
1553088661506465932,0.0
1553088661512988275,0.0
1553088661519641812,0.0
1553088661521547512,0.0
1553088661526116001,0.0
1553088661532759097,0.0
1553088661539594474,0.0
1553088661541479228,0.0
1553088661548205217,0.0
1553088661559674428,0.0
1553088661561598906,0.0
1553088661566245696,0.0
1553088661572906511,0.0
1553088661579647957,0.0
1553088661581480270,0.0
1553088661585948802,0.0
1553088661594410722,0.0
1553088661622015833,0.0
1553088661626746260,0.0
1553088661635857284,0.0
1553088661639974140,0.0
1553088661641948949,0.0
1553088661646534002,0.0
1553088661653022247,0.0
1553088661659852852,0.0
1553088661661822994,0.0
1553088661666315744,0.0
1553088661673095761,0.0
1553088661680022941,0.0
1553088661681967795,0.0
1553088661686447832,0.0
1553088661695736991,0.0
1553088661699945483,0.0
1553088661701882686,0.0
1553088661708220011,0.0
1553088661719500830,0.0
1553088661721621751,0.0
1553088661746770555,0.0
1553088661755938743,0.0
1553088661760252667,0.0
1553088661762247383,0.0
1553088661766764455,0.0
1553088661775792466,0.0
1553088661779893176,0.0
1553088661781979217,0.0
1553088661786568500,0.0
1553088661795910468,0.0
1553088661799813367,0.0
1553088661801777968,0.0
1553088661808203905,0.0
1553088661819570587,0.0
1553088661821628350,0.0
1553088661826207723,0.0
1553088661835388096,0.0
1553088661839512485,0.0
1553088661841592644,0.0
1553088661846149366,0.0
1553088661875579508,0.0
1553088661879850093,0.0
1553088661881880652,0.0
1553088661886383340,0.0
1553088661895662484,0.0
1553088661899870485,0.0
1553088661901737507,0.0
1553088661906176539,0.0
1553088661915679297,0.0
1553088661919907143,0.0
1553088661921880684,0.0
1553088661926439614,0.0
1553088661935591032,0.0
1553088661939729228,0.0
1553088661941651204,0.0
1553088661946201746,0.0
1553088661955318332,0.0
1553088661959510186,0.0
1553088661961472163,0.0
1553088661965989915,0.0
1553088661975192702,0.0
1553088661988005451,0.0
1553088662002065867,0.0
1553088662011181232,0.0
1553088662017904269,0.0
1553088662019863781,0.0
1553088662021707740,0.0
1553088662026316218,0.0
1553088662035625107,0.0
1553088662039728854,0.0
1553088662041817295,0.0
1553088662046332857,0.0
1553088662055766612,0.0
1553088662059713900,0.0
1553088662061633693,0.0
1553088662066109710,0.0
1553088662075282149,0.0
1553088662079574547,0.0
1553088662081537519,0.0
1553088662086056970,0.0
1553088662095330619,0.0
1553088662099432702,0.0
1553088662101398847,0.0
1553088662105911229,0.0
1553088662135200452,0.0
1553088662139439742,0.0
1553088662141393736,0.0
1553088662145939131,0.0
1553088662154898835,0.0
1553088662158888650,0.0
1553088662160765808,0.0
1553088662165242458,0.0
1553088662171856206,0.0
1553088662178344152,0.0
1553088662180315110,0.0
1553088662184896225,0.0
1553088662191607480,0.0
1553088662198537071,0.0
1553088662200550420,0.0
1553088662205068171,0.0
1553088662211708215,0.0
1553088662218396974,0.0
1553088662220363456,0.0
1553088662224807729,0.0
1553088662231454509,0.0
1553088662238246296,0.0
1553088662240166068,0.0
